Accommodation;search box
;House
;Cottage
;Apartment/Flat
;Rooming Housing
;Hotel
;Motel
;Inn
;Lodge (Bed & Breakfast)
;Hostel
;Vacation Home and Villas
;Houseboat
;Chalets
Vehicles;search box
;Speciality Trucks
;Heavy Load Truck
;Double Decker Bus
;Single Deck Bus
;Low Floor Bus
;Coach Bus
;Minibus
;Open Top Bus
;School Bus
;Midi Bus
;School Bus
;Mini Bus
;Articulated Bus
;Cargo Ship
;RoRo (Roll on Roll off) Ship
;Tankers Ship
;Passenger Ship
;Fishing Vessel Ship
;High Speed Craft Ship
;Fishing Boat
;Dinghy Boat
;Deck Boat
;Bowrider Boat
;House Boat
;Centre Console Boat
;Cuddy Cabins Boat
;Cataraman Boat
;Trawler Boat
;Cabin Cruiser Boat
;Ambulance Emergency
;Fire Trucks Emergency
;Tow Truck Wrecker Emergency
;Adventure Touring Bike Motorcycle
;Choppers Motorcycle
;Cruisers Motorcycle
;Enduro Bike Motorcycle
;Off Road Motorcycle
;Racing Motorcycle
;Electric Motorcycle
;Motocross Bike Motorcycle
;3 Wheel Motor Cycle
;4 Wheel Motor Cycle
;Electric Scooter
;Uber Scooter
;Moped Scooter
;Kick Scooter
;Handicapped Scooter
;Car Trailer
;Boat Watercraft Trailer
;Commercial Truck Trailer
;Motorcycle Trailer
;Truck Trailer
;Young Children Bicycle
;Kids Bicycle
;Mountain Bicycle
;Hybrid/Comfort Bicycle
;Folding Bicyle
;Adult Tricycle
;Beach Bicycle
;Recumbent Bicycle
;Tandem Bicycle
;Fixed Gear Bicycle
;Cyclocross Bicycle
;BMX Bicycle
;Time Trial Bicycle
;Road Bicycle
;Air Craft
;AC Cars Sedan
;Acura Sedan
;Alfa Romeo Sedan
;Alpine Sedan
;Alvis Sedan
;AMC Sedan
;Anadol Sedan
;ARO Sedan
;Artega Sedan
;Asia Motors Sedan
;Aston Martin Sedan
;Audi Sedan
;Autobianchi Sedan
;Auto-Union Sedan
;Bentley Sedan
;Bitter Sedan
;BMW Sedan
;Bond Sedan
;Borgward  Sedan
;Bristol Sedan
;British Leyland Sedan
;Austin-Healey Sedan
;Austin / Rover Sedan
;Bugatti Sedan
;Buick Sedan
;Cadillac Sedan
;Caterham Sedan
;Checker Sedan
;Chevrolet Sedan
;Chevrolet Korea Sedan
;Chevrolet India Sedan
;Chrysler Sedan
;Citroën Sedan
;Cizeta-Moroder Sedan
;Dacia Sedan
;Daewoo Sedan
;DAF Sedan
;Daihatsu Sedan
;Datsun Sedan
;Delahaye Sedan
;DeLorean Sedan
;DeSoto Sedan
;De Tomaso Sedan
;Dodge Sedan
;Edsel Sedan
;Eicher Polaris Sedan
;Facel Vega Sedan
;Ferrari Sedan
;Fiat Sedan
;Fiat do Brasil Sedan
;Fiat India Sedan
;Fisker Sedan
;Ford America Sedan
;Ford Australia Sedan
;Ford do Brasil Sedan
;Ford Europe Sedan
;Ford India Sedan
;FSO Sedan
;GAZ Sedan
;Geo Sedan
;Glas Sedan
;GMC Sedan
;GTA Spano Sedan
;Gumpert Sedan
;Hillman Sedan
;Hindustan Sedan
;Holden Sedan
;Honda Sedan
;Honda India Sedan
;Hudson  Sedan
;Hummer Sedan
;Hyundai Sedan
;IFA Sedan
;Infiniti Sedan
;Innocenti Sedan
;Isdera Sedan
;ISO Sedan
;Isuzu Sedan
;Iveco Sedan
;Jaguar
;Jeep
;Jensen
;Kia
;Koenigsegg
;Lada
;Lamborghini
;Lancia
;Land Rover
;Lexus
;Lincoln
;Lotus
;LTI
;LuAZ
;Lynx
;Mahindra
;Maruti
;Maserati
;Matra
;Mazda
;McLaren Sedan
;Mercedes Sedan
;Mercury Sedan
;Merkur Sedan
;Messerschmitt Sedan
;Mini Sedan
;Mitsubishi Sedan
;Monteverdi Sedan
;Morgan Sedan
;Moskvitch Sedan
;Nash Sedan
;Naza Sedan
;Nissan Sedan
;Nissan India Sedan
;NSU Sedan
;Oldsmobile Sedan
;Oltcit / Oltena Sedan
;Opel Sedan
;Pagani Sedan
;Panhard Sedan
;Panoz Sedan
;Panther Sedan
;Perodua Sedan
;Peugeot Sedan
;Plymouth Sedan
;Pontiac Sedan
;Porsche Sedan
;Premier Sedan
;Proton Sedan
;Reliant Sedan
;Renault Sedan
;Rolls-Royce Sedan
;Saab Sedan
;Saleen Sedan
;Samsung Sedan
;San Sedan
;Santana Sedan
;Saturn Sedan
;Scion Sedan
;Seat Sedan
;Shelby SuperCars Sedan
;Simca / Talbot Sedan
;Skoda Sedan
;Smart Sedan
;Spyker Sedan
;SsangYong Sedan
;Standard-Triumph Sedan
;Studebaker Sedan
;Subaru Sedan
;Suzuki Sedan
;Tata Sedan
;Tatra Sedan
;Tesla Sedan
;Toyota Sedan
;Toyota India Sedan
;UAZ Sedan
;Vauxhall Sedan
;Venturi Sedan
;Volkswagen Sedan
;Volkswagen do Brasil Sedan
;Volkswagen South Africa Sedan
;Volvo Sedan
;Wiesmann Sedan
;Zastava Sedan
;ZAZ Sedan
;ZIL Sedan
;AC Cars Hatchback
;Acura Hatchback
;Alfa Romeo Hatchback
;Alpine Hatchback
;Alvis Hatchback
;AMC  Hatchback
;Anadol Hatchback
;ARO Hatchback
;Artega Hatchback
;Asia Motors Hatchback
;Aston Martin Hatchback
;Audi Hatchback
;Autobianchi Hatchback
;Auto-Union Hatchback
;Bentley Hatchback
;Bitter Hatchback
;BMW Hatchback
;Bond Hatchback
;Borgward  Hatchback
;Bristol Hatchback
;British Leyland Hatchback
;Austin-Healey Hatchback
;Austin / Rover Hatchback
;Bugatti Hatchback
;Buick Hatchback
;Cadillac Hatchback
;Caterham Hatchback
;Checker Hatchback
;Chevrolet Hatchback
;Chevrolet Korea Hatchback
;Chevrolet India Hatchback
;Chrysler Hatchback
;Citroën Hatchback
;Cizeta-Moroder Hatchback
;Dacia Hatchback
;Daewoo Hatchback
;DAF Hatchback
;Daihatsu Hatchback
;Datsun Hatchback
;Delahaye Hatchback
;DeLorean Hatchback
;DeSoto Hatchback
;De Tomaso Hatchback
;Dodge Hatchback
;Edsel Hatchback
;Eicher Polaris Hatchback
;Facel Vega Hatchback
;Ferrari Hatchback
;Fiat Hatchback
;Fiat do Brasil Hatchback
;Fiat India Hatchback
;Fisker Hatchback  
;Ford America Hatchback
;Ford Australia Hatchback
;Ford do Brasil Hatchback
;Ford Europe Hatchback
;Ford India Hatchback
;FSO Hatchback
;GAZ Hatchback
;Geo Hatchback
;Glas Hatchback
;GMC Hatchback
;GTA Spano Hatchback
;Gumpert Hatchback
;Hillman Hatchback
;Hindustan Hatchback
;Holden Hatchback
;Honda Hatchback
;Honda India Hatchback
;Hudson Hatchback
;Hummer Hatchback
;Hyundai Hatchback
;IFA  Hatchback
;Infiniti Hatchback
;Innocenti Hatchback
;Isdera Hatchback
;ISO Hatchback
;Isuzu Hatchback
;Iveco Hatchback
;Jaguar Hatchback
;Jeep Hatchback
;Jensen Hatchback
;Kia Hatchback
;Koenigsegg Hatchback
;Lada Hatchback
;Lamborghini Hatchback
;Lancia Hatchback
;Land Rover Hatchback
;Lexus Hatchback
;Lincoln Hatchback
;Lotus Hatchback
;LTI Hatchback
;LuAZ Hatchback
;Lynx Hatchback
;Mahindra Hatchback
;Maruti Hatchback
;Maserati Hatchback
;Matra Hatchback
;Mazda Hatchback
;McLaren Hatchback
;Mercedes  Hatchback
;Mercury Hatchback
;Merkur Hatchback
;Messerschmitt Hatchback
;Mini Hatchback
;Mitsubishi Hatchback
;Monteverdi Hatchback
;Morgan Hatchback
;Moskvitch Hatchback
;Nash Hatchback
;Naza Hatchback
;Nissan Hatchback
;Nissan India Hatchback
;NSU Hatchback
;Oldsmobile Hatchback
;Oltcit / Oltena Hatchback
;Opel Hatchback
;Pagani Hatchback
;Panhard Hatchback
;Panoz Hatchback
;Panther Hatchback
;Perodua Hatchback
;Peugeot Hatchback
;Plymouth Hatchback
;Pontiac Hatchback
;Porsche Hatchback
;Premier Hatchback
;Proton Hatchback
;Reliant Hatchback
;Renault Hatchback
;Rolls-Royce Hatchback
;Saab Hatchback
;Saleen Hatchback
;Samsung Hatchback
;San Hatchback
;Santana Hatchback
;Saturn Hatchback
;Scion Hatchback
;Seat Hatchback
;Shelby SuperCars Hatchback
;Simca / Talbot Hatchback
;Skoda Hatchback
;Smart Hatchback
;Spyker Hatchback
;SsangYong Hatchback
;Standard-Triumph Hatchback
;Studebaker Hatchback
;Subaru Hatchback
;Suzuki Hatchback
;Tata Hatchback
;Tatra Hatchback
;Tesla Hatchback                       
;Toyota Hatchback
;Toyota India Hatchback
;UAZ Hatchback
;Vauxhall Hatchback
;Venturi Hatchback
;Volkswagen Hatchback
;Volkswagen do Brasil Hatchback
;Volkswagen South Africa Hatchback
;Volvo Hatchback
;Wiesmann Hatchback
;Zastava Hatchback
;ZAZ Hatchback
;ZIL Hatchback
;AC Cars MPV
;Acura MPV
;Alfa Romeo MPV
;Alpine MPV
;Alvis MPV
;AMC  MPV
;Anadol MPV
;ARO MPV
;Artega MPV
;Asia Motors MPV
;Aston Martin MPV
;Audi MPV
;Autobianchi MPV
;Auto-Union MPV
;Bentley MPV
;Bitter MPV
;BMW MPV
;Bond MPV
;Borgward  MPV
;Bristol MPV
;British Leyland MPV
;Austin-Healey MPV
;Austin / Rover MPV
;Bugatti MPV
;Buick MPV
;Cadillac MPV
;Caterham MPV
;Checker MPV
;Chevrolet MPV
;Chevrolet Korea MPV
;Chevrolet India MPV
;Chrysler MPV
;Citroën MPV
;Cizeta-Moroder MPV
;Dacia MPV
;Daewoo  MPV
;DAF MPV
;Daihatsu MPV
;Datsun MPV
;Delahaye MPV
;DeLorean MPV
;DeSoto MPV
;De Tomaso MPV
;Dodge MPV
;Edsel MPV
;Eicher Polaris MPV
;Facel Vega MPV
;Ferrari MPV
;Fiat MPV
;Fiat do Brasil MPV
;Fiat India MPV
;Fisker MPV
;Ford America MPV
;Ford Australia MPV
;Ford do Brasil MPV
;Ford Europe MPV
;Ford India MPV
;FSO MPV
;GAZ MPV
;Geo MPV
;Glas MPV
;GMC MPV
;GTA Spano MPV
;Gumpert MPV
;Hillman MPV
;Hindustan MPV
;Holden MPV
;Honda MPV
;Honda India MPV
;Hudson MPV
;Hummer MPV
;Hyundai MPV
;IFA  MPV
;Infiniti MPV
;Innocenti MPV
;Isdera MPV
;ISO MPV
;Isuzu MPV
;Iveco MPV
;Jaguar MPV
;Jeep MPV
;Jensen MPV
;Kia MPV
;Koenigsegg MPV
;Lada MPV
;Lamborghini MPV
;Lancia MPV
;Land Rover MPV
;Lexus MPV
;Lincoln MPV
;Lotus MPV
;LTI MPV
;LuAZ MPV
;Lynx MPV
;Mahindra MPV
;Maruti MPV
;Maserati MPV
;Matra MPV
;Mazda MPV
;McLaren MPV
;Mercedes  MPV
;Mercury MPV
;Merkur MPV
;Messerschmitt MPV
;Mini MPV
;Mitsubishi MPV
;Monteverdi MPV
;Morgan MPV
;Moskvitch MPV
;Nash MPV
;Naza MPV
;Nissan MPV
;Nissan India MPV
;NSU MPV
;Oldsmobile MPV
;Oltcit / Oltena MPV
;Opel MPV
;Pagani MPV
;Panhard MPV
;Panoz MPV
;Panther MPV
;Perodua MPV
;Peugeot MPV
;Plymouth MPV
;Pontiac MPV
;Porsche MPV
;Premier MPV
;Proton MPV
;Reliant MPV
;Renault MPV
;Rolls-Royce MPV
;Saab MPV
;Saleen MPV
;Samsung MPV
;San MPV
;Santana MPV
;Saturn MPV
;Scion MPV
;Seat MPV
;Shelby SuperCars MPV
;Simca / Talbot MPV
;Skoda MPV
;Smart MPV
;Spyker MPV
;SsangYong MPV
;Standard-Triumph MPV
;Studebaker MPV
;Subaru MPV
;Suzuki MPV
;Tata MPV
;Tatra MPV
;Tesla MPV
;Toyota MPV
;Toyota India MPV
;UAZ MPV
;Vauxhall MPV
;Venturi MPV
;Volkswagen MPV
;Volkswagen do Brasil MPV
;Volkswagen South Africa MPV
;Volvo MPV
;Wiesmann MPV
;Zastava MPV
;ZAZ MPV
;ZIL MPV
;AC Cars SUV
;Acura SUV
;Alfa Romeo SUV
;Alpine SUV
;Alvis SUV
;AMC  SUV
;Anadol SUV
;ARO SUV
;Artega SUV
;Asia Motors SUV
;Aston Martin SUV
;Audi SUV
;Autobianchi SUV
;Auto-Union SUV
;Bentley SUV
;Bitter SUV
;BMW SUV
;Bond SUV
;Borgward  SUV
;Bristol SUV
;British Leyland SUV
;Austin-Healey SUV
;Austin / Rover SUV
;Bugatti SUV
;Buick SUV
;Cadillac SUV
;Caterham SUV
;Checker SUV
;Chevrolet SUV
;Chevrolet Korea SUV
;Chevrolet India SUV
;Chrysler SUV
;Citroën SUV
;Cizeta-Moroder SUV
;Dacia SUV
;Daewoo  SUV
;DAF SUV
;Daihatsu SUV
;Datsun SUV
;Delahaye SUV
;DeLorean SUV
;DeSoto SUV
;De Tomaso SUV
;Dodge SUV
;Edsel SUV
;Eicher Polaris SUV
;Facel Vega SUV
;Ferrari SUV
;Fiat SUV
;Fiat do Brasil SUV
;Fiat India SUV
;Fisker SUV
;Ford America SUV
;Ford Australia SUV
;Ford do Brasil SUV
;Ford Europe SUV
;Ford India SUV
;FSO SUV
;GAZ SUV
;Geo SUV
;Glas SUV
;GMC SUV
;GTA Spano SUV
;Gumpert SUV
;Hillman SUV
;Hindustan SUV
;Holden SUV
;Honda SUV
;Honda India SUV
;Hudson SUV
;Hummer SUV
;Hyundai SUV
;IFA  SUV
;Infiniti SUV
;Innocenti SUV
;Isdera SUV
;ISO SUV
;Isuzu SUV
;Iveco SUV
;Jaguar SUV
;Jeep SUV
;Jensen SUV
;Kia SUV
;Koenigsegg SUV
;Lada SUV
;Lamborghini SUV
;Lancia SUV
;Land Rover SUV
;Lexus SUV
;Lincoln SUV
;Lotus SUV
;LTI SUV
;LuAZ SUV
;Lynx SUV
;Mahindra SUV
;Maruti SUV
;Maserati SUV
;Matra SUV
;Mazda SUV
;McLaren SUV
;Mercedes  SUV
;Mercury SUV
;Merkur SUV
;Messerschmitt SUV
;Mini SUV
;Mitsubishi SUV
;Monteverdi SUV
;Morgan SUV
;Moskvitch SUV
;Nash SUV
;Naza SUV
;Nissan SUV
;Nissan India SUV
;NSU SUV
;Oldsmobile SUV
;Oltcit / Oltena SUV
;Opel SUV
;Pagani SUV
;Panhard SUV
;Panoz SUV
;Panther SUV
;Perodua SUV
;Peugeot SUV
;Plymouth SUV
;Pontiac SUV
;Porsche SUV
;Premier SUV
;Proton SUV
;Reliant SUV
;Renault SUV
;Rolls-Royce SUV
;Saab SUV
;Saleen SUV
;Samsung SUV
;San SUV
;Santana SUV
;Saturn SUV
;Scion SUV
;Seat SUV
;Shelby SuperCars SUV
;Simca / Talbot SUV
;Skoda SUV
;Smart SUV
;Spyker SUV
;SsangYong SUV
;Standard-Triumph SUV
;Studebaker SUV
;Subaru SUV
;Suzuki SUV
;Tata SUV
;Tatra SUV
;Tesla SUV
;Toyota SUV
;Toyota India SUV
;UAZ SUV
;Vauxhall SUV
;Venturi SUV
;Volkswagen SUV
;Volkswagen do Brasil SUV
;Volkswagen South Africa SUV
;Volvo SUV
;Wiesmann SUV
;Zastava SUV
;ZAZ SUV
;ZIL SUV
;AC Cars Crossover
;Acura Crossover
;Alfa Romeo Crossover
;Alpine Crossover
;Alvis Crossover
;AMC  Crossover
;Anadol Crossover
;ARO Crossover
;Artega Crossover
;Asia Motors Crossover
;Aston Martin Crossover
;Audi Crossover
;Autobianchi Crossover
;Auto-Union Crossover
;Bentley Crossover
;Bitter Crossover
;BMW Crossover
;Bond Crossover
;Borgward  Crossover
;Bristol Crossover
;British Leyland Crossover
;Austin-Healey Crossover
;Austin / Rover Crossover
;Bugatti Crossover
;Buick Crossover
;Cadillac Crossover
;Caterham Crossover
;Checker Crossover
;Chevrolet Crossover
;Chevrolet Korea Crossover
;Chevrolet India Crossover
;Chrysler Crossover
;Citroën Crossover
;Cizeta-Moroder Crossover
;Dacia Crossover
;Daewoo  Crossover
;DAF Crossover
;Daihatsu Crossover
;Datsun Crossover
;Delahaye Crossover
;DeLorean Crossover
;DeSoto Crossover
;De Tomaso Crossover
;Dodge Crossover
;Edsel Crossover
;Eicher Polaris Crossover
;Facel Vega Crossover
;Ferrari Crossover
;Fiat Crossover
;Fiat do Brasil Crossover
;Fiat India Crossover
;Fisker Crossover
;Ford America Crossover
;Ford Australia Crossover
;Ford do Brasil Crossover
;Ford Europe Crossover
;Ford India Crossover
;FSO Crossover
;GAZ Crossover
;Geo Crossover
;Glas Crossover
;GMC Crossover
;GTA Spano Crossover
;Gumpert Crossover
;Hillman Crossover
;Hindustan Crossover
;Holden Crossover
;Honda Crossover
;Honda India Crossover
;Hudson Crossover
;Hummer Crossover
;Hyundai Crossover
;IFA  Crossover
;Infiniti Crossover
;Innocenti Crossover
;Isdera Crossover
;ISO Crossover
;Isuzu Crossover
;Iveco Crossover
;Jaguar Crossover
;Jeep Crossover
;Jensen Crossover
;Kia Crossover
;Koenigsegg Crossover
;Lada Crossover
;Lamborghini Crossover
;Lancia Crossover
;Land Rover Crossover
;Lexus Crossover
;Lincoln Crossover
;Lotus Crossover
;LTI Crossover
;LuAZ Crossover
;Lynx Crossover
;Mahindra Crossover
;Maruti Crossover
;Maserati Crossover
;Matra Crossover
;Mazda Crossover
;McLaren Crossover
;Mercedes  Crossover
;Mercury Crossover
;Merkur Crossover
;Messerschmitt Crossover
;Mini Crossover
;Mitsubishi Crossover
;Monteverdi Crossover
;Morgan Crossover
;Moskvitch Crossover
;Nash Crossover
;Naza Crossover
;Nissan Crossover
;Nissan India Crossover
;NSU Crossover
;Oldsmobile Crossover
;Oltcit / Oltena Crossover
;Opel Crossover
;Pagani Crossover
;Panhard Crossover
;Panoz Crossover
;Panther Crossover
;Perodua Crossover
;Peugeot Crossover
;Plymouth Crossover
;Pontiac Crossover
;Porsche Crossover
;Premier Crossover
;Proton Crossover
;Reliant Crossover
;Renault Crossover
;Rolls-Royce Crossover
;Saab Crossover
;Saleen Crossover
;Samsung Crossover
;San Crossover
;Santana Crossover
;Saturn Crossover
;Scion Crossover
;Seat Crossover
;Shelby SuperCars Crossover
;Simca / Talbot Crossover
;Skoda Crossover
;Smart Crossover
;Spyker Crossover
;SsangYong Crossover
;Standard-Triumph Crossover
;Studebaker Crossover
;Subaru Crossover
;Suzuki Crossover
;Tata Crossover
;Tatra Crossover
;Tesla Crossover
;Toyota Crossover
;Toyota India Crossover
;UAZ Crossover
;Vauxhall Crossover
;Venturi Crossover
;Volkswagen Crossover
;Volkswagen do Brasil Crossover
;Volkswagen South Africa Crossover
;Volvo Crossover
;Wiesmann Crossover
;Zastava Crossover
;ZAZ Crossover
;ZIL Crossover
;AC Cars Coupe
;Acura Coupe
;Alfa Romeo Coupe
;Alpine Coupe
;Alvis Coupe
;AMC  Coupe
;Anadol Coupe
;ARO Coupe
;Artega Coupe
;Asia Motors Coupe
;Aston Martin Coupe
;Audi Coupe
;Autobianchi Coupe
;Auto-Union Coupe
;Bentley Coupe
;Bitter Coupe
;BMW Coupe
;Bond Coupe
;Borgward  Coupe
;Bristol Coupe
;British Leyland Coupe
;Austin-Healey Coupe
;Austin / Rover Coupe
;Bugatti Coupe
;Buick Coupe
;Cadillac Coupe
;Caterham Coupe
;Checker Coupe
;Chevrolet Coupe
;Chevrolet Korea Coupe
;Chevrolet India Coupe
;Chrysler Coupe
;Citroën Coupe
;Cizeta-Moroder Coupe
;Dacia Coupe
;Daewoo  Coupe
;DAF Coupe
;Daihatsu Coupe
;Datsun Coupe
;Delahaye Coupe
;DeLorean Coupe
;DeSoto Coupe
;De Tomaso Coupe
;Dodge Coupe
;Edsel Coupe
;Eicher Polaris Coupe
;Facel Vega Coupe
;Ferrari Coupe
;Fiat Coupe
;Fiat do Brasil Coupe
;Fiat India Coupe
;Fisker Coupe
;Ford America Coupe
;Ford Australia Coupe
;Ford do Brasil Coupe
;Ford Europe Coupe
;Ford India Coupe
;FSO Coupe
;GAZ Coupe
;Geo Coupe
;Glas Coupe
;GMC Coupe
;GTA Spano Coupe
;Gumpert Coupe
;Hillman Coupe
;Hindustan Coupe
;Holden Coupe
;Honda Coupe
;Honda India Coupe
;Hudson Coupe
;Hummer Coupe
;Hyundai Coupe
;IFA  Coupe
;Infiniti Coupe
;Innocenti Coupe
;Isdera Coupe
;ISO Coupe
;Isuzu Coupe
;Iveco Coupe
;Jaguar Coupe
;Jeep Coupe
;Jensen Coupe
;Kia Coupe
;Koenigsegg Coupe
;Lada Coupe
;Lamborghini Coupe
;Lancia Coupe
;Land Rover Coupe
;Lexus Coupe
;Lincoln Coupe
;Lotus Coupe
;LTI Coupe
;LuAZ Coupe
;Lynx Coupe
;Mahindra Coupe
;Maruti Coupe
;Maserati Coupe
;Matra Coupe
;Mazda Coupe
;McLaren Coupe
;Mercedes  Coupe
;Mercury Coupe
;Merkur Coupe
;Messerschmitt Coupe
;Mini Coupe
;Mitsubishi Coupe
;Monteverdi Coupe
;Morgan Coupe
;Moskvitch Coupe
;Nash Coupe
;Naza Coupe
;Nissan Coupe
;Nissan India Coupe
;NSU Coupe
;Oldsmobile Coupe
;Oltcit / Oltena Coupe
;Opel Coupe
;Pagani Coupe
;Panhard Coupe
;Panoz Coupe
;Panther Coupe
;Perodua Coupe
;Peugeot Coupe
;Plymouth Coupe
;Pontiac Coupe
;Porsche Coupe
;Premier Coupe
;Proton Coupe
;Reliant Coupe
;Renault Coupe
;Rolls-Royce Coupe
;Saab Coupe
;Saleen Coupe
;Samsung Coupe
;San Coupe
;Santana Coupe
;Saturn Coupe
;Scion Coupe
;Seat Coupe
;Shelby SuperCars Coupe
;Simca / Talbot Coupe
;Skoda Coupe
;Smart Coupe
;Spyker Coupe
;SsangYong Coupe
;Standard-Triumph Coupe
;Studebaker Coupe
;Subaru Coupe
;Suzuki Coupe
;Tata Coupe
;Tatra Coupe
;Tesla Coupe
;Toyota Coupe
;Toyota India Coupe
;UAZ Coupe
;Vauxhall Coupe
;Venturi Coupe
;Volkswagen Coupe
;Volkswagen do Brasil Coupe
;Volkswagen South Africa Coupe
;Volvo Coupe
;Wiesmann Coupe
;Zastava Coupe
;ZAZ Coupe
;ZIL Coupe
;AC Cars Convertible
;Acura Convertible
;Alfa Romeo Convertible
;Alpine Convertible
;Alvis Convertible
;AMC  Convertible
;Anadol Convertible
;ARO Convertible
;Artega Convertible
;Asia Motors Convertible
;Aston Martin Convertible
;Audi Convertible
;Autobianchi Convertible
;Auto-Union Convertible
;Bentley Convertible
;Bitter Convertible
;BMW Convertible
;Bond Convertible
;Borgward  Convertible
;Bristol Convertible
;British Leyland Convertible
;Austin-Healey Convertible
;Austin / Rover Convertible
;Bugatti Convertible
;Buick Convertible
;Cadillac Convertible
;Caterham Convertible
;Checker Convertible
;Chevrolet Convertible
;Chevrolet Korea Convertible
;Chevrolet India Convertible
;Chrysler Convertible
;Citroën Convertible
;Cizeta-Moroder Convertible
;Dacia Convertible
;Daewoo  Convertible
;DAF Convertible
;Daihatsu Convertible
;Datsun Convertible
;Delahaye Convertible
;DeLorean Convertible
;DeSoto Convertible
;De Tomaso Convertible
;Dodge Convertible
;Edsel Convertible
;Eicher Polaris Convertible
;Facel Vega Convertible
;Ferrari Convertible
;Fiat Convertible
;Fiat do Brasil Convertible
;Fiat India Convertible
;Fisker Convertible
;Ford America Convertible
;Ford Australia Convertible
;Ford do Brasil Convertible
;Ford Europe Convertible
;Ford India Convertible
;FSO Convertible
;GAZ Convertible
;Geo Convertible
;Glas Convertible
;GMC Convertible
;GTA Spano Convertible
;Gumpert Convertible
;Hillman Convertible
;Hindustan Convertible
;Holden Convertible
;Honda Convertible
;Honda India Convertible
;Hudson Convertible
;Hummer Convertible
;Hyundai Convertible
;IFA  Convertible
;Infiniti Convertible
;Innocenti Convertible
;Isdera Convertible
;ISO Convertible
;Isuzu Convertible
;Iveco Convertible
;Jaguar Convertible
;Jeep Convertible
;Jensen Convertible
;Kia Convertible
;Koenigsegg Convertible
;Lada Convertible
;Lamborghini Convertible
;Lancia Convertible
;Land Rover Convertible
;Lexus Convertible
;Lincoln Convertible
;Lotus Convertible
;LTI Convertible
;LuAZ Convertible
;Lynx Convertible
;Mahindra Convertible
;Maruti Convertible
;Maserati Convertible
;Matra Convertible
;Mazda Convertible
;McLaren Convertible
;Mercedes  Convertible
;Mercury Convertible
;Merkur Convertible
;Messerschmitt Convertible
;Mini Convertible
;Mitsubishi Convertible
;Monteverdi Convertible
;Morgan Convertible
;Moskvitch Convertible
;Nash Convertible
;Naza Convertible
;Nissan Convertible
;Nissan India Convertible
;NSU Convertible
;Oldsmobile Convertible
;Oltcit / Oltena Convertible
;Opel Convertible
;Pagani Convertible
;Panhard Convertible
;Panoz Convertible
;Panther Convertible
;Perodua Convertible
;Peugeot Convertible
;Plymouth Convertible
;Pontiac Convertible
;Porsche Convertible
;Premier Convertible
;Proton Convertible
;Reliant Convertible
;Renault Convertible
;Rolls-Royce Convertible
;Saab Convertible
;Saleen Convertible
;Samsung Convertible
;San Convertible
;Santana Convertible
;Saturn Convertible
;Scion Convertible
;Seat Convertible
;Shelby SuperCars Convertible
;Simca / Talbot Convertible
;Skoda Convertible
;Smart Convertible
;Spyker Convertible
;SsangYong Convertible
;Standard-Triumph Convertible
;Studebaker Convertible
;Subaru Convertible
;Suzuki Convertible
;Tata Convertible
;Tatra Convertible
;Tesla Convertible
;Toyota Convertible
;Toyota India Convertible
;UAZ Convertible
;Vauxhall Convertible
;Venturi Convertible
;Volkswagen Convertible
;Volkswagen do Brasil Convertible
;Volkswagen South Africa Convertible
;Volvo Convertible
;Wiesmann Convertible
;Zastava Convertible
;ZAZ Convertible
;ZIL Convertible
;AC Cars Single Cab
;Acura Single Cab
;Alfa Romeo Single Cab
;Alpine Single Cab
;Alvis Single Cab
;AMC  Single Cab
;Anadol Single Cab
;ARO Single Cab
;Artega Single Cab
;Asia Motors Single Cab
;Aston Martin Single Cab
;Audi Single Cab
;Autobianchi Single Cab
;Auto-Union Single Cab
;Bentley Single Cab
;Bitter Single Cab
;BMW Single Cab
;Bond Single Cab
;Borgward  Single Cab
;Bristol Single Cab
;British Leyland Single Cab
;Austin-Healey Single Cab
;Austin / Rover Single Cab
;Bugatti Single Cab
;Buick Single Cab
;Cadillac Single Cab
;Caterham Single Cab
;Checker Single Cab
;Chevrolet Single Cab
;Chevrolet Korea Single Cab
;Chevrolet India Single Cab
;Chrysler Single Cab
;Citroën Single Cab
;Cizeta-Moroder Single Cab
;Dacia Single Cab
;Daewoo  Single Cab
;DAF Single Cab
;Daihatsu Single Cab
;Datsun Single Cab
;Delahaye Single Cab
;DeLorean Single Cab
;DeSoto Single Cab
;De Tomaso Single Cab
;Dodge Single Cab
;Edsel Single Cab
;Eicher Polaris Single Cab
;Facel Vega Single Cab
;Ferrari Single Cab
;Fiat Single Cab
;Fiat do Brasil Single Cab
;Fiat India Single Cab
;Fisker Single Cab
;Ford America Single Cab
;Ford Australia Single Cab
;Ford do Brasil Single Cab
;Ford Europe Single Cab
;Ford India Single Cab
;FSO Single Cab
;GAZ Single Cab
;Geo Single Cab
;Glas Single Cab
;GMC Single Cab
;GTA Spano Single Cab
;Gumpert Single Cab
;Hillman Single Cab
;Hindustan Single Cab
;Holden Single Cab
;Honda Single Cab
;Honda India Single Cab
;Hudson Single Cab
;Hummer Single Cab
;Hyundai Single Cab
;IFA  Single Cab
;Infiniti Single Cab
;Innocenti Single Cab
;Isdera Single Cab
;ISO Single Cab
;Isuzu Single Cab
;Iveco Single Cab
;Jaguar Single Cab
;Jeep Single Cab
;Jensen Single Cab
;Kia Single Cab
;Koenigsegg Single Cab
;Lada Single Cab
;Lamborghini Single Cab
;Lancia Single Cab
;Land Rover Single Cab
;Lexus Single Cab
;Lincoln Single Cab
;Lotus Single Cab
;LTI Single Cab
;LuAZ Single Cab
;Lynx Single Cab
;Mahindra Single Cab
;Maruti Single Cab
;Maserati Single Cab
;Matra Single Cab
;Mazda Single Cab
;McLaren Single Cab
;Mercedes  Single Cab
;Mercury Single Cab
;Merkur Single Cab
;Messerschmitt Single Cab
;Mini Single Cab
;Mitsubishi Single Cab
;Monteverdi Single Cab
;Morgan Single Cab
;Moskvitch Single Cab
;Nash Single Cab
;Naza Single Cab
;Nissan Single Cab
;Nissan India Single Cab
;NSU Single Cab
;Oldsmobile Single Cab
;Oltcit / Oltena Single Cab
;Opel Single Cab
;Pagani Single Cab
;Panhard Single Cab
;Panoz Single Cab
;Panther Single Cab
;Perodua Single Cab
;Peugeot Single Cab
;Plymouth Single Cab
;Pontiac Single Cab
;Porsche Single Cab
;Premier Single Cab
;Proton Single Cab
;Reliant Single Cab
;Renault Single Cab
;Rolls-Royce Single Cab
;Saab Single Cab
;Saleen Single Cab
;Samsung Single Cab
;San Single Cab
;Santana Single Cab
;Saturn Single Cab
;Scion Single Cab
;Seat Single Cab
;Shelby SuperCars Single Cab
;Simca / Talbot Single Cab
;Skoda Single Cab
;Smart Single Cab
;Spyker Single Cab
;SsangYong Single Cab
;Standard-Triumph Single Cab
;Studebaker Single Cab
;Subaru Single Cab
;Suzuki Single Cab
;Tata Single Cab
;Tatra Single Cab
;Tesla Single Cab
;Toyota Single Cab
;Toyota India Single Cab
;UAZ Single Cab
;Vauxhall Single Cab
;Venturi Single Cab
;Volkswagen Single Cab
;Volkswagen do Brasil Single Cab
;Volkswagen South Africa Single Cab
;Volvo Single Cab
;Wiesmann Single Cab
;Zastava Single Cab
;ZAZ Single Cab
;ZIL Single Cab
;AC Cars Double Cab
;Acura Double Cab
;Alfa Romeo Double Cab
;Alpine Double Cab
;Alvis Double Cab
;AMC  Double Cab
;Anadol Double Cab
;ARO Double Cab
;Artega Double Cab
;Asia Motors Double Cab
;Aston Martin Double Cab
;Audi Double Cab
;Autobianchi Double Cab
;Auto-Union Double Cab
;Bentley Double Cab
;Bitter Double Cab
;BMW Double Cab
;Bond Double Cab
;Borgward  Double Cab
;Bristol Double Cab
;British Leyland Double Cab
;Austin-Healey Double Cab
;Austin / Rover Double Cab
;Bugatti Double Cab
;Buick Double Cab
;Cadillac Double Cab
;Caterham Double Cab
;Checker Double Cab
;Chevrolet Double Cab
;Chevrolet Korea Double Cab
;Chevrolet India Double Cab
;Chrysler Double Cab
;Citroën Double Cab
;Cizeta-Moroder Double Cab
;Dacia Double Cab
;Daewoo  Double Cab
;DAF Double Cab
;Daihatsu Double Cab
;Datsun Double Cab
;Delahaye Double Cab
;DeLorean Double Cab
;DeSoto Double Cab
;De Tomaso Double Cab
;Dodge Double Cab
;Edsel Double Cab
;Eicher Polaris Double Cab
;Facel Vega Double Cab
;Ferrari Double Cab
;Fiat Double Cab
;Fiat do Brasil Double Cab
;Fiat India Double Cab
;Fisker Double Cab
;Ford America Double Cab
;Ford Australia Double Cab
;Ford do Brasil Double Cab
;Ford Europe Double Cab
;Ford India Double Cab
;FSO Double Cab
;GAZ Double Cab
;Geo Double Cab
;Glas Double Cab
;GMC Double Cab
;GTA Spano Double Cab
;Gumpert Double Cab
;Hillman Double Cab
;Hindustan Double Cab
;Holden Double Cab
;Honda Double Cab
;Honda India Double Cab
;Hudson Double Cab
;Hummer Double Cab
;Hyundai Double Cab
;IFA  Double Cab
;Infiniti Double Cab
;Innocenti Double Cab
;Isdera Double Cab
;ISO Double Cab
;Isuzu Double Cab
;Iveco Double Cab
;Jaguar Double Cab
;Jeep Double Cab
;Jensen Double Cab
;Kia Double Cab
;Koenigsegg Double Cab
;Lada Double Cab
;Lamborghini Double Cab
;Lancia Double Cab
;Land Rover Double Cab
;Lexus Double Cab
;Lincoln Double Cab
;Lotus Double Cab
;LTI Double Cab
;LuAZ Double Cab
;Lynx Double Cab
;Mahindra Double Cab
;Maruti Double Cab
;Maserati Double Cab
;Matra Double Cab
;Mazda Double Cab
;McLaren Double Cab
;Mercedes  Double Cab
;Mercury Double Cab
;Merkur Double Cab
;Messerschmitt Double Cab
;Mini Double Cab
;Mitsubishi Double Cab
;Monteverdi Double Cab
;Morgan Double Cab
;Moskvitch Double Cab
;Nash Double Cab
;Naza Double Cab
;Nissan Double Cab
;Nissan India Double Cab
;NSU Double Cab
;Oldsmobile Double Cab
;Oltcit / Oltena Double Cab
;Opel Double Cab
;Pagani Double Cab
;Panhard Double Cab
;Panoz Double Cab
;Panther Double Cab
;Perodua Double Cab
;Peugeot Double Cab
;Plymouth Double Cab
;Pontiac Double Cab
;Porsche Double Cab
;Premier Double Cab
;Proton Double Cab
;Reliant Double Cab
;Renault Double Cab
;Rolls-Royce Double Cab
;Saab Double Cab
;Saleen Double Cab
;Samsung Double Cab
;San Double Cab
;Santana Double Cab
;Saturn Double Cab
;Scion Double Cab
;Seat Double Cab
;Shelby SuperCars Double Cab
;Simca / Talbot Double Cab
;Skoda Double Cab
;Smart Double Cab
;Spyker Double Cab
;SsangYong Double Cab
;Standard-Triumph Double Cab
;Studebaker Double Cab
;Subaru Double Cab
;Suzuki Double Cab
;Tata Double Cab
;Tatra Double Cab
;Tesla Double Cab
;Toyota Double Cab
;Toyota India Double Cab
;UAZ Double Cab
;Vauxhall Double Cab
;Venturi Double Cab
;Volkswagen Double Cab
;Volkswagen do Brasil Double Cab
;Volkswagen South Africa Double Cab
;Volvo Double Cab
;Wiesmann Double Cab
;Zastava Double Cab
;ZAZ Double Cab
;ZIL Double Cab
;AC Cars King Cab
;Acura King Cab
;Alfa Romeo King Cab
;Alpine King Cab
;Alvis King Cab
;AMC  King Cab
;Anadol King Cab
;ARO King Cab
;Artega King Cab
;Asia Motors King Cab
;Aston Martin King Cab
;Audi King Cab
;Autobianchi King Cab
;Auto-Union King Cab
;Bentley King Cab
;Bitter King Cab
;BMW King Cab
;Bond King Cab
;Borgward  King Cab
;Bristol King Cab
;British Leyland King Cab
;Austin-Healey King Cab
;Austin / Rover King Cab
;Bugatti King Cab
;Buick King Cab
;Cadillac King Cab
;Caterham King Cab
;Checker King Cab
;Chevrolet King Cab
;Chevrolet Korea King Cab
;Chevrolet India King Cab
;Chrysler King Cab
;Citroën King Cab
;Cizeta-Moroder King Cab
;Dacia King Cab
;Daewoo  King Cab
;DAF King Cab
;Daihatsu King Cab
;Datsun King Cab
;Delahaye King Cab
;DeLorean King Cab
;DeSoto King Cab
;De Tomaso King Cab
;Dodge King Cab
;Edsel King Cab
;Eicher Polaris King Cab
;Facel Vega King Cab
;Ferrari King Cab
;Fiat King Cab
;Fiat do Brasil King Cab
;Fiat India King Cab
;Fisker King Cab
;Ford America King Cab
;Ford Australia King Cab
;Ford do Brasil King Cab
;Ford Europe King Cab
;Ford India King Cab
;FSO King Cab
;GAZ King Cab
;Geo King Cab
;Glas King Cab
;GMC King Cab
;GTA Spano King Cab
;Gumpert King Cab
;Hillman King Cab
;Hindustan King Cab
;Holden King Cab
;Honda King Cab
;Honda India King Cab
;Hudson King Cab
;Hummer King Cab
;Hyundai King Cab
;IFA  King Cab
;Infiniti King Cab
;Innocenti King Cab
;Isdera King Cab
;ISO King Cab
;Isuzu King Cab
;Iveco King Cab
;Jaguar King Cab
;Jeep King Cab
;Jensen King Cab
;Kia King Cab
;Koenigsegg King Cab
;Lada King Cab
;Lamborghini King Cab
;Lancia King Cab
;Land Rover King Cab
;Lexus King Cab
;Lincoln King Cab
;Lotus King Cab
;LTI King Cab
;LuAZ King Cab
;Lynx King Cab
;Mahindra King Cab
;Maruti King Cab
;Maserati King Cab
;Matra King Cab
;Mazda King Cab
;McLaren King Cab
;Mercedes  King Cab
;Mercury King Cab
;Merkur King Cab
;Messerschmitt King Cab
;Mini King Cab
;Mitsubishi King Cab
;Monteverdi King Cab
;Morgan King Cab
;Moskvitch King Cab
;Nash King Cab
;Naza King Cab
;Nissan King Cab
;Nissan India King Cab
;NSU King Cab
;Oldsmobile King Cab
;Oltcit / Oltena King Cab
;Opel King Cab
;Pagani King Cab
;Panhard King Cab
;Panoz King Cab
;Panther King Cab
;Perodua King Cab
;Peugeot King Cab
;Plymouth King Cab
;Pontiac King Cab
;Porsche King Cab
;Premier King Cab
;Proton King Cab
;Reliant King Cab
;Renault King Cab
;Rolls-Royce King Cab
;Saab King Cab
;Saleen King Cab
;Samsung King Cab
;San King Cab
;Santana King Cab
;Saturn King Cab
;Scion King Cab
;Seat King Cab
;Shelby SuperCars King Cab
;Simca / Talbot King Cab
;Skoda King Cab
;Smart King Cab
;Spyker King Cab
;SsangYong King Cab
;Standard-Triumph King Cab
;Studebaker King Cab
;Subaru King Cab
;Suzuki King Cab
;Tata King Cab
;Tatra King Cab
;Tesla King Cab
;Toyota King Cab
;Toyota India King Cab
;UAZ King Cab
;Vauxhall King Cab
;Venturi King Cab
;Volkswagen King Cab
;Volkswagen do Brasil King Cab
;Volkswagen South Africa King Cab
;Volvo King Cab
;Wiesmann King Cab
;Zastava King Cab
;ZAZ King Cab
;ZIL King Cab
;AC Cars Accessories and Parts
;Acura Accessories and Parts
;Alfa Romeo Accessories and Parts
;Alpine Accessories and Parts
;Alvis Accessories and Parts
;AMC  Accessories and Parts
;Anadol Accessories and Parts
;ARO Accessories and Parts
;Artega Accessories and Parts
;Asia Motors Accessories and Parts
;Aston Martin Accessories and Parts
;Audi Accessories and Parts
;Autobianchi Accessories and Parts
;Auto-Union Accessories and Parts
;Bentley Accessories and Parts
;Bitter Accessories and Parts
;BMW Accessories and Parts
;Bond Accessories and Parts
;Borgward  Accessories and Parts
;Bristol Accessories and Parts
;British Leyland Accessories and Parts
;Austin-Healey Accessories and Parts
;Austin / Rover Accessories and Parts
;Bugatti Accessories and Parts
;Buick Accessories and Parts
;Cadillac Accessories and Parts
;Caterham Accessories and Parts
;Checker Accessories and Parts
;Chevrolet Accessories and Parts
;Chevrolet Korea Accessories and Parts
;Chevrolet India Accessories and Parts
;Chrysler Accessories and Parts
;Citroën Accessories and Parts
;Cizeta-Moroder Accessories and Parts
;Dacia Accessories and Parts
;Daewoo  Accessories and Parts
;DAF Accessories and Parts
;Daihatsu Accessories and Parts
;Datsun Accessories and Parts
;Delahaye Accessories and Parts
;DeLorean Accessories and Parts
;DeSoto Accessories and Parts
;De Tomaso Accessories and Parts
;Dodge Accessories and Parts
;Edsel Accessories and Parts
;Eicher Polaris Accessories and Parts
;Facel Vega Accessories and Parts
;Ferrari Accessories and Parts
;Fiat Accessories and Parts
;Fiat do Brasil Accessories and Parts
;Fiat India Accessories and Parts
;Fisker Accessories and Parts
;Ford America Accessories and Parts
;Ford Australia Accessories and Parts
;Ford do Brasil Accessories and Parts
;Ford Europe Accessories and Parts
;Ford India Accessories and Parts
;FSO Accessories and Parts
;GAZ Accessories and Parts
;Geo Accessories and Parts
;Glas Accessories and Parts
;GMC Accessories and Parts
;GTA Spano Accessories and Parts
;Gumpert Accessories and Parts
;Hillman Accessories and Parts
;Hindustan Accessories and Parts
;Holden Accessories and Parts
;Honda Accessories and Parts
;Honda India Accessories and Parts
;Hudson Accessories and Parts
;Hummer Accessories and Parts
;Hyundai Accessories and Parts
;IFA  Accessories and Parts
;Infiniti Accessories and Parts
;Innocenti Accessories and Parts
;Isdera Accessories and Parts
;ISO Accessories and Parts
;Isuzu Accessories and Parts
;Iveco Accessories and Parts
;Jaguar Accessories and Parts
;Jeep Accessories and Parts
;Jensen Accessories and Parts
;Kia Accessories and Parts
;Koenigsegg Accessories and Parts
;Lada Accessories and Parts
;Lamborghini Accessories and Parts
;Lancia Accessories and Parts
;Land Rover Accessories and Parts
;Lexus Accessories and Parts
;Lincoln Accessories and Parts
;Lotus Accessories and Parts
;LTI Accessories and Parts
;LuAZ Accessories and Parts
;Lynx Accessories and Parts
;Mahindra Accessories and Parts
;Maruti Accessories and Parts
;Maserati Accessories and Parts
;Matra Accessories and Parts
;Mazda Accessories and Parts
;McLaren Accessories and Parts
;Mercedes  Accessories and Parts
;Mercury Accessories and Parts
;Merkur Accessories and Parts
;Messerschmitt Accessories and Parts
;Mini Accessories and Parts
;Mitsubishi Accessories and Parts
;Monteverdi Accessories and Parts
;Morgan Accessories and Parts
;Moskvitch Accessories and Parts
;Nash Accessories and Parts
;Naza Accessories and Parts
;Nissan Accessories and Parts
;Nissan India Accessories and Parts
;NSU Accessories and Parts
;Oldsmobile Accessories and Parts
;Oltcit / Oltena Accessories and Parts
;Opel Accessories and Parts
;Pagani Accessories and Parts
;Panhard Accessories and Parts
;Panoz Accessories and Parts
;Panther Accessories and Parts
;Perodua Accessories and Parts
;Peugeot Accessories and Parts
;Plymouth Accessories and Parts
;Pontiac Accessories and Parts
;Porsche Accessories and Parts
;Premier Accessories and Parts
;Proton Accessories and Parts
;Reliant Accessories and Parts
;Renault Accessories and Parts
;Rolls-Royce Accessories and Parts
;Saab Accessories and Parts
;Saleen Accessories and Parts
;Samsung Accessories and Parts
;San Accessories and Parts
;Santana Accessories and Parts
;Saturn Accessories and Parts
;Scion Accessories and Parts
;Seat Accessories and Parts
;Shelby SuperCars Accessories and Parts
;Simca / Talbot Accessories and Parts
;Skoda Accessories and Parts
;Smart Accessories and Parts
;Spyker Accessories and Parts
;SsangYong Accessories and Parts
;Standard-Triumph Accessories and Parts
;Studebaker Accessories and Parts
;Subaru Accessories and Parts
;Suzuki Accessories and Parts
;Tata Accessories and Parts
;Tatra Accessories and Parts
;Tesla Accessories and Parts
;Toyota Accessories and Parts
;Toyota India Accessories and Parts
;UAZ Accessories and Parts
;Vauxhall Accessories and Parts
;Venturi Accessories and Parts
;Volkswagen Accessories and Parts
;Volkswagen do Brasil Accessories and Parts
;Volkswagen South Africa Accessories and Parts
;Volvo Accessories and Parts
;Wiesmann Accessories and Parts
;Zastava Accessories and Parts
;ZAZ Accessories and Parts
;ZIL Accessories and Parts
;Ships Accessories and Parts
;Boats Accessories and Parts
;Air Craft Accessories and Parts
;Bicycles Accessories and Parts
;Scooters Accessories and Parts
;Motorcycles Accessories and Parts
;Trailers Accessories and Parts
Jobs;search box
;Business and Finance Managerial
;Computers and Technology Managerial
;Construction Trades Managerial
;Education, Teaching and Training Managerial
;Engineering and Engineering Technician Managerial
;Fishing, Farming and Forestry Managerial
;Allied Health Professions Managerial
;Alternative & Complementary Medicine Managerial
;Arts & Humanities in Health Managerial
;Chiropractic Medicine Managerial
;Dentistry Managerial
;Environmental Health Managerial
;Forensic Science Managerial
;Gerontology Managerial
;Health Administration Managerial
;Informatics Managerial
;Medicine Managerial
;Mental Health Managerial
;Nursing Managerial     
;Nutrition/Dietetics Managerial
;Occupational Therapy Managerial
;Optometry Managerial
;Pharmacy Managerial
;Physical Therapy Managerial
;Podiatric Medicine Managerial
;Public Health Managerial
;Speach/Language/Hearing Managerial
;Sports Medicine Managerial
;Veterinary Medicine Managerial
;Hospitality, Travel and Tourism Managerial
;Criminology Managerial
;Law Enforcement Managerial
;Courts
;Corrections
;Media Communications and Broadcasting Managerial  
;Office Administration Managerial
;Prodution and Manufacturing Managerial
;Professional Service Managerial
;Social Work Managerial
;Sales and Maketing Managerial
;Transportation and Moving Managerial
;Home Cleaning
;Maid
;Gardener
;Business and Finance Clerical
;Computers and Technology Clerical
;Construction Trades Clerical
;Education, Teaching and Training Clerical
;Engineering and Engineering Technician Clerical
;Fishing, Farming and Forestry Clerical
;Allied Health Professions Clerical
;Alternative & Complementary Medicine Clerical
;Arts & Humanities in Health Clerical
;Chiropractic Medicine Clerical
;Dentistry Clerical
;Environmental Health Clerical
;Forensic Science Clerical
;Gerontology Clerical
;Health Administration Clerical
;Informatics Clerical
;Medicine Clerical
;Mental Health Clerical
;Nursing Clerical
;Nutrition/Dietetics Clerical
;Occupational Therapy Clerical
;Optometry Clerical
;Pharmacy Clerical
;Physical Therapy Clerical
;Podiatric Medicine Clerical
;Public Health Clerical
;Speach/Language/Hearing Clerical
;Sports Medicine Clerical
;Veterinary Medicine Clerical
;Hospitality, Travel and Tourism Clerical
;Criminology Clerical
;Law Enforcement Clerical
;Courts Clerical
;Corrections Clerical
;Management Clerical
;Media Communications and Broadcasting Clerical
;Office Administration and Management Clerical
;Prodution and Manufacturing Clerical
;Professional Service Clerical
;Psychology Clerical
;Counseling Clerical
;Social Work Clerical
;Therapy Clerical
;Sales and Maketing Clerical
;Social and Life Sciences Clerical
;Transportation and Moving Clerical
;Busines and Finance Non Clerical
;Computers and Technology Non Clerical
;Construction Trades Non Clerical
;Education, Teaching and Training Non Clerical
;Engineering and Engineering Technician Non Clerical
;Fishing, Farming and Forestry Non Clerical
;Allied Health Professions Non Clerical
;Alternative & Complementary Medicine Non Clerical
;Arts & Humanities in Health Non Clerical
;Chiropractic Medicine Non Clerical
;Dentistry Non Clerical
;Environmental Health Non Clerical
;Forensic Science Non Clerical
;Gerontology Non Clerical
;Health Administration Non Clerical
;Informatics Non Clerical
;Medicine Non Clerical
;Mental Health Non Clerical
;Nursing Non Clerical
;Nutrition/Dietetics Non Clerical
;Occupational Therapy Non Clerical
;Optometry Non Clerical
;Pharmacy Non Clerical
;Physical Therapy Non Clerical
;Podiatric Medicine Non Clerical
;Public Health Non Clerical
;Speach/Language/Hearing Non Clerical
;Sports Medicine Non Clerical
;Veterinary Medicine Non Clerical
;Hospitality, Travel and Tourism Non Clerical
;Criminology Non Clerical
;Law Enforcement Non Clerical
;Courts Non Clerical
;Corrections Non Clerical
;Management Non Clerical
;Media Communications and Broadcasting Non Clerical
;Office Administration and Management Non Clerical
;Prodution and Manufacturing Non Clerical
;Professional Service Non Clerical
;Psychology Non Clerical
;Counseling Non Clerical
;Social Work Non Clerical
;Therapy Non Clerical
;Sales and Maketing Non Clerical
;Social and Life Sciences Non Clerical
;Transportation and Moving Non Clerical
;Business and Finance Supervisory
;Computers and Technology Supervisory
;Construction Trades Supervisory
;Education, Teaching and Training Supervisory
;Engineering and Engineering Technician Supervisory
;Fishing, Farming and Forestry Supervisory
;Allied Health Professions Supervisory
;Alternative & Complementary Medicine Supervisory
;Arts & Humanities in Health Supervisory
;Chiropractic Medicine Supervisory
;Dentistry Supervisory
;Environmental Health Supervisory
;Forensic Science Supervisory
;Gerontology Supervisory
;Health Administration Supervisory
;Informatics Supervisory
;Medicine Supervisory
;Mental Health Supervisory
;Nursing Supervisory
;Nutrition/Dietetics Supervisory
;Occupational Therapy Supervisory
;Optometry Supervisory
;Pharmacy Supervisory
;Physical Therapy Supervisory
;Podiatric Medicine Supervisory
;Public Health Supervisory
;Speach/Language/Hearing Supervisory
;Sports Medicine Supervisory
;Veterinary Medicine Supervisory
;Hospitality, Travel and Tourism Supervisory
;Criminology Supervisory
;Law Enforcement Supervisory
;Courts Supervisory
;Corrections Supervisory
;Management Supervisory
;Media Communications and Broadcasting Supervisory
;Office Administration and Management Supervisory
;Prodution and Manufacturing Supervisory
;Professional Service Supervisory
;Psychology Supervisory
;Counseling Supervisory
;Social Work Supervisory
;Therapy Supervisory
;Sales and Maketing Supervisory
;Social and Life Sciences Supervisory
;Transportation and Moving Supervisory
;Business and Finance General
;Computers and Technology General
;Construction Trades General
;Education, Teaching and Training General
;Engineering and Engineering Technician General
;Fishing, Farming and Forestry General
;Allied Health Professions General
;Alternative & Complementary Medicine General
;Arts & Humanities in Health General
;Chiropractic Medicine General
;Dentistry General
;Environmental Health General
;Forensic Science General
;Gerontology General
;Health Administration General
;Informatics General
;Medicine General
;Mental Health General
;Nursing General
;Nutrition/Dietetics General
;Occupational Therapy General
;Optometry General
;Pharmacy General
;Physical Therapy General
;Podiatric Medicine General
;Public Health General
;Speach/Language/Hearing General
;Sports Medicine General
;Veterinary Medicine General
;Hospitality, Travel and Tourism General
;Criminology General
;Law Enforcement General
;Courts General
;Corrections General
;Management General
;Media Communications and Broadcasting General
;Office Administration and Management General
;Prodution and Manufacturing General
;Professional Service General
;Psychology General
;Counseling General
;Social Work General
;Therapy General
;Sales and Maketing General
;Social and Life Sciences General
;Transportation and Moving General
;Business and Finance Specialist
;Computers and Technology Specialist
;Construction Trades Specialist
;Education, Teaching and Training Specialist
;Engineering and Engineering Technician Specialist
;Fishing, Farming and Forestry Specialist
;Allied Health Professions Specialist
;Alternative & Complementary Medicine Specialist
;Arts & Humanities in Health Specialist
;Chiropractic Medicine Specialist
;Dentistry Specialist
;Environmental Health Specialist
;Forensic Science Specialist
;Gerontology Specialist
;Health Administration Specialist
;Informatics Specialist
;Medicine Specialist
;Mental Health Specialist
;Nursing Specialist
;Nutrition/Dietetics Specialist
;Occupational Therapy Specialist
;Optometry Specialist
;Pharmacy Specialist
;Physical Therapy Specialist
;Podiatric Medicine Specialist
;Public Health Specialist
;Speach/Language/Hearing Specialist
;Sports Medicine Specialist
;Veterinary Medicine Specialist
;Hospitality, Travel and Tourism Specialist
;Criminology Specialist
;Law Enforcement Specialist
;Courts Specialist
;Corrections Specialist
;Management Specialist
;Media Communications and Broadcasting Specialist
;Office Administration and Management Specialist
;Prodution and Manufacturing Specialist
;Professional Service Specialist
;Psychology Specialist
;Counseling Specialist
;Social Work Specialist
;Therapy Specialist
;Sales and Maketing Specialist
;Social and Life Sciences Specialist
;Transportation and Moving Specialist
Products;search box
;Agriculture- Fowl and Livestock
;Agriculture- Eggs
;Agriculture- Corn
;Agriculture- Wheat
;Agriculture- Rice
;Agriculture- Oats
;Agriculture- Sorghum
;Agriculture- Organic Grain
;Agriculture- Plant Oil
;Agriculture- Animal Oil
;Agriculture- Peanuts
;Agriculture- Almonds
;Agriculture- Macadamia Nuts
;Agriculture- Sunflower Kernels
;Agriculture- Betel Nuts
;Agriculture- Brazil Nuts
;Agriculture- Cashew Nuts
;Agriculture- Chestnuts
;Agriculture- Oil Seeds
;Agriculture- Vegetable Seeds
;Agriculture- Forage Seeds
;Agriculture- Crop Seeds
;Agriculture- Flower Bulbs, Seeds and Seedlings
;Agriculture- Fruit Grafts, Seedlings and Rootstocks
;Food- Corn Gluten Meal
;Food- Soyabean Meal
;Food- Cotton Seed Meal
;Food- Fish Meal
;Food- Wheat Bran
;Food- Worm
;Food- Bone Meal
;Food- Hay
;Food- Beans
;Food- Maize
;Food- Vegetables
;Food- Vinegar
;Food- Sugar
;Food- Spices and Herbs
;Food- Sauce
;Food- Salt
;Food- Seasoning Oil
;Food- Puree
;Food- Pasta
;Food- Noodles
;Food- Flour
;Food- Coarse Cereal 
;Food- Gluten
;Food- Cereal
;Food- Baking Ingredients
;Food- Meat Product
;Food- Poultry Meat
;Food- Beef
;Food- Pork
;Food- Sheep Meat
;Food- Rabbit Meat
;Food- Goat Meat
;Food- Wild Meat
;Food- Chicken Meat
;Food- Baby Food
;Food- Teas
;Food- Seafood
;Food- Canned Food
;Food- Snack Food
;Food- Vegetable Product
;Food- Instant Food
;Food- Dairy Products
;Food- Coffee
;Food- Drinking Water
;Food- Confectionery
;Food- Baked Foods
;Food- Fresh Fruits
;Food- Fresh Vegetables
;Food- Condiments/Sauces
;Food- Themed Meals
;Food- Cheese
;Food- Egg and Egg Products
;Clothing- Garment Accessories
;Clothing- Africa Clothing
;Clothing- Indian and Pakistan Clothing
;Clothing- Islamic Clothing
;Clothing- Chineese Clothing
;Clothing- Asian and Pacific island Clothing
;Clothing- Wedding and Event Clothing
;Clothing- Infant and Toddler Clothing
;Clothing- American Football Wear
;Clothing- Baseball and Softball Wear
;Clothing- Basketball Wear
;Clothing- Camping and Hiking Wear
;Clothing- Cycling Wear
;Clothing- Fishing Wear
;Clothing- Fitness and Yoga Wear
;Clothing- Ice Hockey Wear
;Clothing- Martial Arts Wear
;Clothing- Motocycle and Auto Racing Wear
;Clothing- Rash Guard
;Clothing- Rugby Football Wear
;Clothing- Running Wear
;Clothing- Ski and Snow Wear
;Clothing- Tennis Wear
;Clothing- Soccer Wear
;Clothing- Netball Wear
;Clothing- Swim and Beach Wear
;Clothing- Cricket Wear
;Clothing- Men's Sleep Wear
;Clothing- Men's Suits
;Clothing- Men's Socks
;Clothing- Men's Hoodies and Sweatshirts
;Clothing- Men's Jackets and Coats
;Clothing- Men's Jeans
;Clothing- Men's Shorts
;Clothing- Men's Shirts
;Clothing- Men's Sweaters
;Clothing- Men's T-Shirts
;Clothing- Men's Trousers and Pants
;Clothing- Men's Underwear
;Clothing- Men's Vest and Waistcoats
;Clothing- Men's Tank Tops
;Clothing- Men's Track Suit
;Clothing- Men's Pullover
;Clothing- Women's Underwear
;Clothing- Women's Jacket
;Clothing- Women's Dresses
;Clothing- Women Sweaters
;Clothing- Women's Skirts
;Clothing- Women's Suits
;Clothing- Women's Blouses and Tops
;Clothing- Women's Hoodies
;Clothing- Women's Jeans
;Clothing- Women's Leggings
;Clothing- Women's Pants and Trousers
;Clothing- Women's Hoisery
;Clothing- Women's Coats
;Clothing- Women's Sleepwear
;Clothing- Women's T-Shirts
;Clothing- Women's Hoodies and Sweatshirts
;Clothing- Uniforms and Costumes
;Clothing- Maternity Clothing
;Clothing- Boy's Clothing
;Clothing- Girl's Clothing
;Clothing- Used Clothing
;Clothing- Mannequins
;Clothing- Ethinic Clothing
;Clothing- Stage and Dance Wear
;Knitted Fabric
;Wolven Fabric
;Nonwoven Fabric
;Chiffon Fabric
;Carbon Fiber Fabric
;Denim Fabric
;Fleece Fabric
;Flannel Fabric
;Jersey Fabric
;Lace Fabric
;Lycra Fabric
;Oxford Fabric
;Microfiber Fabric
;Pongee Fabric
;Taffeta Fabric
;Upholstery Fabric
;Velvet Fabric
;Chair Cover
;Twill Fabric
;Sportswear Fabric
;Underwear Fabric
;Swimwear Fabric
;Suit Fabric
;Shirt Fabric
;Lingerie Fabric
;Lining Fabric
;Bedding Fabric
;Curtain Fabric
;Sofa Fabric
;Towel Fabric
;Mattress Fabric
;Don Fabric
;Feather Fabric
;Acrylic Fiber
;Bamboo Fiber
;Linen Fiber
;Nylon Fiber
;Polyester Fiber
;Raw Cotton
;Synthetic Fiber
;Viscose Fiber
;Wool Fiber
;Hemp Fiber
;Faux Fur
;Animal Fur
;Genuine Leather
;PU Leather
;PVC Leather
;Synthetic Fabric
;Yarn
;Hats and Caps
;Scarfs and Shawls
;Hair Accessories
;Belts and Accessories
;Ties and Accessories
;Gloves and Mittens
;Jewellery and Accessories
;Smart Watch
;Wristwatch and Accessories
;Eyewear and Accessories
;Earrings
;Bracelets and Bangels
;Rings
;Cuf Links and Tie Clips
;Necklases
;Brooches
;Briefcases
;Laptop Bags
;Travel Bags
;Trolley Bags
;Duffel Bags
;Backpack
;Wallet
;Shopping Bags
;Diaper Bags
;Cooler Bags
;Picnic Bags
;CD Bag
;Camera Bags
;Waist Bags
;Luggage Bag
;Handbags
;Special Bag
;Sports Bag
;Women Shoes
;Men Shoes
;Boys Shoes
;Girls Shoes
;Baby Shoes
;Dance Shoes
;Rain Boots
;Safety Shoes
;Electrically Heated Shoes
;Used Shoes
;Sports Shoes
;Shoes Parts 
;Electronics- Mobile Phone Parts
;Electronics- Cameras
;Electronics- Portable Audio and Video Players
;Electronics- Video Games
;Electronics- Blu-ray Players
;Electronics- Home CD, DVD and VCD Players
;Electronics- Home Radio
;Electronics- Home Theatre System
;Electronics- Speakers
;Electronics- Direct View Television
;Electronics- Plasma Television
;Electronics- Digital Light Processing Television
;Electronics- LCD Telelvision
;Electronics- LED Television
;Electronics- Television Mounts
;Electronics- Memory Cards
;Electronics- Motherboards
;Electronics- Mouse and Keyboards
;Electronics- USD Flash Drive and Hubs
;Electronics- Tablet PC
;Electronics- Scanners
;Electronics- CPU
;Electronics- Hard Drives
;Electronics- Printers
;Electronics- Routers
;Electronics- Power Banks
;Electronics- Remote Control
;Electronics- Screen Protectors
;Electronics- Card Readers
;Electronics- Chargers
;Electronics- 3D Glasses
;Electronics- Earphone and Headphone
;Desktop Computer and Laptops- HP
;Desktop Computer and Laptops- Dell
;Desktop Computer and Laptops- Samsung
;Desktop Computer and Laptops- Apple 
;Desktop Computer and Laptops- Lenovo
;Desktop Computer and Laptops- Asus
;Desktop Computer and Laptops- Acer
;Desktop Computer and Laptops- Toshiba
;Desktop Computer and Laptops- LG
;Desktop Computer and Laptops- Sony
;Cell Phones- Condor
;Cell Phones- Walton
;Cell Phones- Gradiente
;Cell Phones- Multilaser
;Cell Phones- Positivo
;Cell Phones- BlackBerry Limited
;Cell Phones- DataWind
;Cell Phones- 10.Or
;Cell Phones- Amoi
;Cell Phones- BBK
;Cell Phones- Coolpad
;Cell Phones- Cubot
;Cell Phones- Gfive
;Cell Phones- Haier
;Cell Phones- Hisense
;Cell Phones- Honor
;Cell Phones- Huawei
;Cell Phones- Konka
;Cell Phones- LeEco
;Cell Phones- Lenovo
;Cell Phones- Meitu
;Cell Phones- Meizu
;Cell Phones- Ningbo Bird
;Cell Phones- OnePlus
;Cell Phones- Oppo
;Cell Phones- Realme
;Cell Phones- Smartisan
;Cell Phones- TCL Corporation
;Cell Phones- Technology Happy Life
;Cell Phones- Tecno Mobile
;Cell Phones- Vivo
;Cell Phones- Vsun
;Cell Phones- Wasam
;Cell Phones- Xiaomi
;Cell Phones- Zopo Mobile
;Cell Phones- ZTE
;Cell Phones- ZUK Mobile
;Cell Phones- Jablotron
;Cell Phones- Verzo
;Cell Phones- SICO Technology
;Cell Phones- Jolla
;Cell Phones- Nokia Corporation
;Cell Phones- HMD Global
;Cell Phones- Archos
;Cell Phones- Groupe Bull
;Cell Phones- MobiWire
;Cell Phones- Wiko
;Cell Phones- Gigaset
;Cell Phones- Medion
;Cell Phones- TechniSat
;Cell Phones- Tiptel
;Cell Phones- MLS
;Cell Phones- X-tigi Mobile
;Cell Phones- CREO
;Cell Phones- Celkon
;Cell Phones- Iball
;Cell Phones- Intex Technologies
;Cell Phones- Karbonn Mobiles
;Cell Phones- Lava International
;Cell Phones- HCL Technologies
;Cell Phones- Jio
;Cell Phones- LYF
;Cell Phones- Micromax Informatics
;Cell Phones- Onida Electronics
;Cell Phones- Spice X
;Cell Phones- Spice Digital
;Cell Phones- Videocon
;Cell Phones- Xolo
;Cell Phones- YU Televentures
;Cell Phones- Nexian
;Cell Phones- Evercoss
;Cell Phones- MITO
;Cell Phones- Polytron
;Cell Phones- Advan
;Cell Phones- Brondi
;Cell Phones- New Generation Mobile
;Cell Phones- Olivetti
;Cell Phones- Onda Mobile Communication
;Cell Phones- Akai
;Cell Phones- Fujitsu
;Cell Phones- Casio
;Cell Phones- Hitachi
;Cell Phones- JRC
;Cell Phones- Kyocera
;Cell Phones- Mitsubishi Electric
;Cell Phones- NEC
;Cell Phones- Panasonic
;Cell Phones- Sansui
;Cell Phones- Sharp
;Cell Phones- Sony
;Cell Phones- Toshiba
;Cell Phones- Just5
;Cell Phones- M Dot
;Cell Phones- Ninetology
;Cell Phones- Kyoto Electronics
;Cell Phones- Lanix
;Cell Phones- Zonda
;Cell Phones- Fairphone
;Cell Phones- John's Phone
;Cell Phones- Philips
;Cell Phones- Koryolink[citation needed]
;Cell Phones- QMobile
;Cell Phones- Voice Mobile
;Cell Phones- Cherry Mobile
;Cell Phones- Starmobile
;Cell Phones- MyPhone
;Cell Phones- Torque
;Cell Phones- Kruger&Matz
;Cell Phones- Manta Multimedia
;Cell Phones- myPhone
;Cell Phones- Allview
;Cell Phones- Evolio
;Cell Phones- E-Boda
;Cell Phones- Myria
;Cell Phones- Utok
;Cell Phones- Beeline
;Cell Phones- Explay
;Cell Phones- Gresso
;Cell Phones- Highscreen
;Cell Phones- Megafon
;Cell Phones- MTS
;Cell Phones- RoverPC
;Cell Phones- teXet
;Cell Phones- Sitronics
;Cell Phones- Yotaphone
;Cell Phones- KT Tech
;Cell Phones- LG
;Cell Phones- Pantech
;Cell Phones- Samsung
;Cell Phones- BQ
;Cell Phones- Doro
;Cell Phones- Acer
;Cell Phones- Asus
;Cell Phones- BenQ
;Cell Phones- DBTel
;Cell Phones- Dopod
;Cell Phones- Foxconn
;Cell Phones- Gigabyte Technology
;Cell Phones- HTC
;Cell Phones- AIS
;Cell Phones- DTAC
;Cell Phones- Wellcom
;Cell Phones- I-Mobile
;Cell Phones- EvertekTunisie
;Cell Phones- Aselsan
;Cell Phones- Vestel
;Cell Phones- Thuraya
;Cell Phones- Binatone
;Cell Phones- Bullitt Group
;Cell Phones- Kazam
;Cell Phones- Marshall Amplification
;Cell Phones- Vodafone
;Cell Phones- Wileyfox
;Cell Phones- Apple
;Cell Phones- BLU Products
;Cell Phones- Caterpillar
;Cell Phones- Essential Products
;Cell Phones- Firefly
;Cell Phones- Garmin
;Cell Phones- Google
;Cell Phones- HP
;Cell Phones- InFocus
;Cell Phones- InfoSonics[2]
;Cell Phones- Motorola Mobility
;Cell Phones- Obi Worldphone
;Cell Phones- Nextbit
;Cell Phones- VinSmart
;Cell Phones- Itel
;Cell Phones- GTel
;Home Appliances- Air Conditioners
;Home Appliances- Hair Curler
;Home Appliances- Hair Dryer
;Home Appliances- Hair Straightener
;Home Appliances- Trimmers
;Home Appliances- Shavers
;Home Appliances- Cleaning  Appliances
;Home Appliances- Home Heaters
;Home Appliances- Kitchen Appliances
;Home Appliances- Laundry Appliances
;Home Appliances- Floor Care
;Home Appliances- Refrigerators and Freezers
;Home Appliances- Dipensers
;Home Appliances- Cooking Appiances
;Home Appliances- Blenders
;Home Appliances- Coffee Makers
;Home Appliances- Water Heaters
;Home Appliances- Bakeware
;Home Appliances- Barware
;Home Appliances- Bathroom Products
;Home Appliances- Cooking Tools
;Home Appliances- Cookware
;Home Appliances- Garden Supplies
;Home Appliances- Home Decor
;Home Appliances- Home Storage & Organization
;Home Appliances- Household Chemicals
;Home Appliances- Household Cleaning Tools & Accessories
;Home Appliances- Household Sundries
;Home Appliances- Kitchen Knives & Accessories
;Home Appliances- Laundry Products
;Home Appliances- Pet Products
;Home Appliances- Kitchen,Dining,Bar & Tableware
;Home Appliances- Dinnerware
;Home Appliances- Drinkware
;Home Appliances- Baby Supplies & Products
;Home Appliances- Rain Gear
;Home Appliances- BBQ
;Electrical Equipment and Control Systems- Locks and Keys
;Electrical Equipment and Control Systems- Access Control Systems
;Electrical Equipment and Control Systems- CCTV
;Electrical Equipment and Control Systems- Protective Wear
;Electrical Equipment and Control Systems- Fire Alarm Products
;Electrical Equipment and Control Systems- Fire Fighting Products
;Electrical Equipment and Control Systems- Reflective Safety Products
;Electrical Equipment and Control Systems- Road Safety Signs
;Electrical Equipment and Control Systems- Solar Energy Products
;Electrical Equipment and Control Systems- Batteries
;Electrical Equipment and Control Systems- Electrical Instruments
;Electrical Equipment and Control Systems- Circuit Breakers
;Electrical Equipment and Control Systems- Connectors and Terminals
;Electrical Equipment and Control Systems- Plugs, Switches and Sockets
;Electrical Equipment and Control Systems- Electrical Controllers
;Electrical Equipment and Control Systems- Transformers
;Electrical Equipment and Control Systems- Generators
;Electrical Equipment and Control Systems- Ring Main Unit
;Electrical Equipment and Control Systems- UPS
;Electrical Equipment and Control Systems- Testers
;Electrical Equipment and Control Systems- Power Supplies and Accesories
;Electrical Equipment and Control Systems- Wires, Cables and Cable Accessories
;Electrical Equipment and Control Systems- Indoor Lighting
;Electrical Equipment and Control Systems- Outdoor Lighting
;Electrical Equipment and Control Systems- Wiring Accessories
;Electrical Equipment and Control Systems- Motors
;Electrical Equipment and Control Systems- Contactors
;Electrical Equipment and Control Systems- Fuses
;Electrical Equipment and Control Systems- Electrical Controllers
;Electrical Equipment and Control Systems- Relays
;Electrical Equipment and Control Systems- Conduits and Ducts
;Electrical Equipment and Control Systems- Cable Ladders and Trays
;Sports & Leisure- Fitness and Bodybuilding Equipment
;Sports & Leisure- Indoor Sports and Games
;Sports & Leisure- Outdoor Sports and Games
;Sports & Leisure- Sports Safety Products
;Sports & Leisure- Children Park 
;Sports & Leisure- Soccer Products
;Sports & Leisure- Cricket Products
;Sports & Leisure- Softball Products
;Sports & Leisure- Basket Ball Products
;Sports & Leisure- Hockey Products
;Sports & Leisure- Baseball Products
;Sports & Leisure- Water Sports Products
;Sports & Leisure- Volleyball Products
;Sports & Leisure- Sports Flooring
;Sports & Leisure- Tennis Products
;Sports & Leisure- Golf Products
;Sports & Leisure- Sports Souvenirs
;Sports & Leisure- Musical Instruments
;Sports & Leisure- Camping and Hiking Products
;Sports & Leisure- Swimming and Diving Products
;Art, Gifts and Craft- Wood Crafts
;Art, Gifts and Craft- Stone Crafts
;Art, Gifts and Craft- Metal Crafts
;Art, Gifts and Craft- Resin Crafts
;Art, Gifts and Craft- Crystal Crafts
;Art, Gifts and Craft- Paper Crafts
;Art, Gifts and Craft- Glass Crafts
;Art, Gifts and Craft- Plastic Crafts
;Art, Gifts and Craft- Natural Crafts
;Art, Gifts and Craft- Bamboo Crafts
;Art, Gifts and Craft- Leather Crafts
;Art, Gifts and Craft- Fabric Crafts
;Art, Gifts and Craft- Clay Crafts
;Art, Gifts and Craft- Embroidery Crafts
;Art, Gifts and Craft- Holiday Gifts
;Art, Gifts and Craft- Artwork
;Art, Gifts and Craft- Special Occasion Gifts
;Art, Gifts and Craft- Sculptures
;Art, Gifts and Craft- Wedding Gifts
;Art, Gifts and Craft- Souvenirs
;Children Toys- Electronic Toys
;Children Toys- Educational Toys
;Children Toys- Baby Toys
;Children Toys- Boys and Girls Toys
;Children Toys- Solar Toys
;Children Toys- Balloons
;Health and Skin Care- Skin Care Products
;Health and Skin Care- Weight Loss Products
;Health and Skin Care- Weight Gain Products
;Health and Skin Care- Muscle Gain Products
;Health and Skin Care- Medical Equipment
;Health and Skin Care- Animal Extract
;Health and Skin Care- Plant Extracts
;Health and Skin Care- Surgical Equipments
;Health and Skin Care- Sterilization Equipment
;Health and Skin Care- Clinical Analytical Instruments
;Health and Skin Care- Dental Equipment
;Health and Skin Care- First Aid Kit
;Health and Skin Care- Ultrasonic, Optical and Electronic Equipment
;Health and Skin Care- Wards Equipment
;Health and Skin Care- Radiology Equipment
;Health and Skin Care- Cotton Pad
;Health and Skin Care- Wax Strip
;Health and Skin Care- Massage Cream
;Health and Skin Care- Massage Gel
;Health and Skin Care- Pearl Powder
;Health and Skin Care- Perfume Oil
;Health and Skin Care- Skin Care Serum
;Health and Skin Care- Skin Care Set
;Health and Skin Care- Skin Toner
;Health and Skin Care- Slimming Cream
;Health and Skin Care- Sunscreen
;Health and Skin Care- Tanning Lotion
;Health and Skin Care- Body Lotion
;Health and Skin Care- Carrier Oil
;Health and Skin Care- Essential Oil
;Health and Skin Care- Eye Cream
;Health and Skin Care- Eye Mask
;Health and Skin Care- Face Cream and Lotion
;Health and Skin Care- Face Mask
;Health and Skin Care- Facial Cleanser
;Health and Skin Care- Foot Skin Care
;Health and Skin Care- Hand Cream Lotion
;Health and Skin Care- Hydrosol
;Health and Skin Care- Aftershave
;Health and Skin Care- Depilatory Wax
;Health and Skin Care- Electric Shavers
;Health and Skin Care- Epilator
;Health and Skin Care- Hair Removal Cream
;Health and Skin Care- Nose and Ear Trimmer
;Health and Skin Care- Razor
;Health and Skin Care- Shaving Brush
;Health and Skin Care- Shaving Cream
;Health and Skin Care- Shaving Foam
;Health and Skin Care- Diapers
;Health and Skin Care- Facial Tissue
;Health and Skin Care- Toilet Tissue
;Health and Skin Care- Wet Wipes
;Health and Skin Care- Serviettes
;Health and Skin Care- Dental Flosser
;Health and Skin Care- Interdental Brush
;Health and Skin Care- Mouthwash
;Health and Skin Care- Teeth Whitening
;Health and Skin Care- Toothbrush
;Health and Skin Care- Toothbrush Sanitizer
;Health and Skin Care- Toothpaste
;Health and Skin Care- Toe Separator
;Health and Skin Care- Stickers and Decals
;Health and Skin Care- Pedicure Chair
;Health and Skin Care- Nail Printer
;Health and Skin Care- Nail Polish
;Health and Skin Care- Nail Polish Remover
;Health and Skin Care- UV Lamp
;Health and Skin Care- UV Gel
;Health and Skin Care- Nail Polish
;Health and Skin Care- Nail Paint
;Health and Skin Care- Nail File
;Health and Skin Care- Nail Dryer
;Health and Skin Care- Nail Drill
;Health and Skin Care- Nail Clipper
;Health and Skin Care- Nail Buffer
;Health and Skin Care- Nail Brush
;Health and Skin Care- Manicure Tweezers
;Health and Skin Care- Manicure Scissors
;Health and Skin Care- Manicure and Pedicure Set
;Health and Skin Care- Callus Remover
;Health and Skin Care- Men's Pefume
;Health and Skin Care- Men's Hair Care Products
;Health and Skin Care- Men's Bathing Products
;Health and Skin Care- Men's Skin Care Products
;Health and Skin Care- Cosmetic Puffs
;Health and Skin Care- Cotton Bud
;Health and Skin Care- Eye Shadow Applicator
;Health and Skin Care- Eyebrow Trimmer
;Health and Skin Care- Eyebrow Tweezers
;Health and Skin Care- Eyelash Curler
;Health and Skin Care- Eyelash Glue
;Health and Skin Care- False Eyelashes
;Health and Skin Care- Makeup Brushes
;Health and Skin Care- Makeup Mirror
;Health and Skin Care- Makeup scissors
;Health and Skin Care- Makeup Tool Kit
;Health and Skin Care- Blush
;Health and Skin Care- Body Glitter
;Health and Skin Care- Concealer
;Health and Skin Care- Eye Shadow
;Health and Skin Care- Eyebrow Pencil
;Health and Skin Care- Eye Liner
;Health and Skin Care- Foundation
;Health and Skin Care- Lip Balm
;Health and Skin Care- Lip Gloss
;Health and Skin Care- Lip Liner
;Health and Skin Care- Lipstick
;Health and Skin Care- Loose Powder
;Health and Skin Care- Makeup Base
;Health and Skin Care- Makeup Remover
;Health and Skin Care- Makeup Set
;Health and Skin Care- Mascara
;Health and Skin Care- Comb
;Health and Skin Care- Hair Dryers
;Health and Skin Care- Hair Curler
;Health and Skin Care- Hair Extension Tools
;Health and Skin Care- Hair Perm Machine
;Health and Skin Care- Hair Roller
;Health and Skin Care- Hair Scissors
;Health and Skin Care- Hair Steamer
;Health and Skin Care- Hair Straightener
;Health and Skin Care- Hair Trimmer
;Health and Skin Care- Hair Brush
;Health and Skin Care- Hairdressing Cape
;Health and Skin Care- Hairdressing Foil
;Health and Skin Care- Chignon
;Health and Skin Care- Fringes
;Health and Skin Care- Hair Extension
;Health and Skin Care- Lace Wigs
;Health and Skin Care- Wigs
;Health and Skin Care- Toupee
;Health and Skin Care- Hair Conditioner
;Health and Skin Care- Hair Dye
;Health and Skin Care- Hair Styling Products
;Health and Skin Care- Hair Treatment
;Health and Skin Care- Perm Lotion
;Health and Skin Care- Shampoo
;Health and Skin Care- Deodorant and Antiperspirant
;Health and Skin Care- Perfume
;Health and Skin Care- Feminine Wipes
;Health and Skin Care- Menstrual Cups
;Health and Skin Care- Sanitary Products
;Health and Skin Care- Tampon
;Health and Skin Care- Breast Enhancement Cream
;Health and Skin Care- Breast Mask
;Health and Skin Care- Breast Form
;Health and Skin Care- Nursing Pad
;Health and Skin Care- Skin Scruber
;Health and Skin Care- Baby Diapers/Napkins
;Health and Skin Care- Baby Hair Care
;Health and Skin Care- Baby Skin Care
;Health and Skin Care- Baby Wipes
;Health and Skin Care- baby Bath Supplies
;Health and Skin Care- Bath Beads
;Health and Skin Care- Bath Powder
;Health and Skin Care- Bubble Bath
;Health and Skin Care- Liquid Hand Soap
;Health and Skin Care- Toilet Soap
;Health and Skin Care- Shower Gel
;Health and Skin Care- Bath Salt
;Health and Skin Care- Bath Fizzies
;Health and Skin Care- Anti Wrinkle Products
;Health and Skin Care- Facial Tanner
;Health and Skin Care- Facial Skimmer
;Construction Industry- Aluminum Composite Panels
;Construction Industry- Balustrades & Handrails
;Construction Industry- Bathroom
;Construction Industry- Boards
;Construction Industry- Building Glass
;Construction Industry- Ceilings
;Construction Industry- Corner Guards
;Construction Industry- Countertops,Vanity Tops & Table Tops
;Construction Industry- Curtain Walls & Accessories
;Construction Industry- Decorative Films
;Construction Industry- Door & Window Accessories
;Construction Industry- Doors & Windows
;Construction Industry- Earthwork Products
;Construction Industry- Elevators & Elevator Parts
;Construction Industry- Escalators & Escalator Parts
;Construction Industry- Faucets, Mixers & Taps
;Construction Industry- Fiberglass Wall Meshes
;Construction Industry- Fireplaces,Stoves
;Construction Industry- Fireproofing Materials
;Construction Industry- Floor Heating Systems & Parts
;Construction Industry- Flooring & Accessories
;Construction Industry- Formwork
;Construction Industry- Gates
;Construction Industry- Heat Insulation Materials
;Construction Industry- HVAC Systems & Parts
;Construction Industry- Kitchen
;Construction Industry- Ladders & Scaffoldings
;Construction Industry- Landscaping Stone
;Construction Industry- Masonry Materials
;Construction Industry- Metal Building Materials
;Construction Industry- Mosaics
;Construction Industry- Mouldings
;Construction Industry- Multifunctional Materials
;Construction Industry- Other Construction & Real Estate
;Construction Industry- Plastic Building Materials
;Construction Industry- Quarry Stone & Slabs
;Construction Industry- Soundproofing Materials
;Construction Industry- Stairs & Stair Parts
;Construction Industry- Stone Carvings and Sculptures
;Construction Industry- Sunrooms & Glass Houses
;Construction Industry- Tiles & Accessories
;Construction Industry- Timber
;Construction Industry- Tombstones and Monuments
;Construction Industry- Wallpapers/Wall Coating
;Construction Industry- Waterproofing Materials
;Emergency Lighting
;Holiday Lighting
;Indoor Lighting
;LED Lighting
;Lighting Accessories
;Lighting Bulbs & Tubes
;Other Lights & Lighting Products
;Outdoor Lighting
;Professional Lighting
;LED Residential Lighting
;LED Outdoor Lighting
;Chandeliers & Pendant Lights
;Ceiling Lights
;Crystal Lights
;Stage Lights
;Street Lights
;Energy Saving & Fluorescent Lights
;LED Landscape Lamps Lighting
;LED Professional Lighting
;LED Encapsulation Series Lighting
;Flash Lights
;Antique Furniture
;Baby Furniture
;Bamboo Furniture
;Children Furniture
;Commercial Furniture
;Folding Furniture
;Furniture Accessories
;Furniture Hardware
;Furniture Parts
;Glass Furniture
;Home Furniture
;Inflatable Furniture
;Metal Furniture
;Other Furniture
;Outdoor Furniture
;Plastic Furniture
;Rattan Furniture
;Wicker Furniture
;Wood Furniture
;Living Room Furniture
;Bedroom Furniture
;Hand Tools
;Power Tools
;Pneumatic Tools
;Hydraulic Tools
;Tool Storage
;Plumbing Accessories
;Pumps and Parts
;Measuring and Gauging Tools
;Test Instruments
;Fasteners
;Machining 
;Threded Tools
;Welding and Abrasives
;Tool Sets
;Lawn Mower
;Packaging and Service Equipment- Adhesive Tape
;Packaging and Service Equipment- Aluminum Foil
;Packaging and Service Equipment- Clothing Packaging
;Packaging and Service Equipment- Blister Cards
;Packaging and Service Equipment- Bottles
;Packaging and Service Equipment- Cans
;Packaging and Service Equipment- Chemical Packaging
;Packaging and Service Equipment- Composite Packaging Materials
;Packaging and Service Equipment- Cosmetics Packaging
;Packaging and Service Equipment- Electronics Packaging
;Packaging and Service Equipment- Food Packaging
;Packaging and Service Equipment- Gift Packaging
;Packaging and Service Equipment- Handles
;Packaging and Service Equipment- Hot Stamping Foil
;Packaging and Service Equipment- Jars
;Packaging and Service Equipment- Closures
;Packaging and Service Equipment- Media Packaging
;Packaging and Service Equipment- Metallized Film
;Packaging and Service Equipment- Packaging Bags
;Packaging and Service Equipment- Packaging Boxes
;Packaging and Service Equipment- Packaging Labels
;Packaging and Service Equipment- Packaging Trays
;Packaging and Service Equipment- Packaging Tubes
;Packaging and Service Equipment- Paper & Paperboard
;Packaging and Service Equipment- Paper Packaging
;Packaging and Service Equipment- Pharmaceutical Packaging
;Packaging and Service Equipment- Plastic Film
;Packaging and Service Equipment- Plastic Packaging
;Packaging and Service Equipment- Protective Packaging
;Packaging and Service Equipment- Pulp
;Packaging and Service Equipment- Shrink Film
;Packaging and Service Equipment- Strapping
;Packaging and Service Equipment- Stretch Film
;Packaging and Service Equipment- Transport Packaging
;Packaging and Service Equipment- Advertising Equipment
;Packaging and Service Equipment- Cargo & Storage Equipment
;Packaging and Service Equipment- Commercial Laundry Equipment
;Packaging and Service Equipment- Financial Equipment
;Packaging and Service Equipment- Funeral Supplies
;Packaging and Service Equipment- Other Service Equipment
;Packaging and Service Equipment- Restaurant & Hotel Supplies
;Packaging and Service Equipment- Store & Supermarket Supplies
;Packaging and Service Equipment- Trade Show Equipment
;Packaging and Service Equipment- Vending Machines
;Packaging and Service Equipment- Wedding and Function Supplies
;Packaging and Service Equipment- Display Racks
;Packaging and Service Equipment- Advertising Light Boxes
;Packaging and Service Equipment- Hotel Amenities
;Packaging and Service Equipment- POS Systems
;Packaging and Service Equipment- Supermarket Shelves
;Packaging and Service Equipment- Stacking Racks & Shelves
;Packaging and Service Equipment- Refrigeration Equipment
;Packaging and Service Equipment- Trade Show Tent
;Packaging and Service Equipment- Power Equipment
;Office & School Material- Art Supplies
;Office & School Material- Badge Holder & Accessories
;Office & School Material- Board
;Office & School Material- Board Eraser
;Office & School Material- Book Cover
;Office & School Material- Books
;Office & School Material- Calculator
;Office & School Material- Calendar
;Office & School Material- Clipboard
;Office & School Material- Correction Material
;Office & School Material- Desk Organizer
;Office & School Material- Drafting Material
;Office & School Material- Easels
;Office & School Material- Educational Books
;Office & School Material- Filing Products
;Office & School Material- Letter Pad / Paper
;Office & School Material- Magazines
;Office & School Material- Map
;Office & School Material- Notebooks & Writing Pads
;Office & School Material- Office Adhesives & Tapes
;Office & School Material- Office Binding Supplies
;Office & School Material- Office Cutting Supplies
;Office & School Material- Office Equipment
;Office & School Material- Office Paper
;Office & School Material- Other Office & School Supplies
;Office & School Material- Paper Envelopes
;Office & School Material- Pencil Cases & Bags
;Office & School Material- Pencil Sharpeners
;Office & School Material- Printer Supplies
;Office & School Material- Stamps
;Office & School Material- Stationery Set
;Office & School Material- Stencils
;Office & School Material- Writing Accessories
;Office & School Material- Writing Instruments
;Office & School Material- Yellow Pages
Machinery;search box
;Agriculture Machinery and Equipment
;Apparel & Textile Machinery
;Apparel Accessories Machinery
;Leather Production Machinery
;Apparel Machinery
;Textile Machinery
;Home Textile Product Machinery
;Board Making Machinery
;Brick Making Machinery
;Cement Making Machinery
;Dry Mortar Machinery
;Floorboard making Machinery
;Glass Production Machinery
;Gypsum powder Machinery
;Pipe Making Machinery
;Sand Making Machinery
;Steel Frame and Purlin Machinery
;Stone Machinery
;Tile Making Machinery
;Window and Door Making Machinery
;Chemical and Pharmaceutical Machinery
;Energy and Mineral Equipment Machinery
;Concrete Machinery
;Cranes Machinery
;Earth-moving Machinery
;Mortar Spray Machines
;Rammers Machinery
;Road Machinery
;Construction Lifter
;Baking Equipment
;Bean Product Processing Machinery
;Beverage and Wine Processing Machinery
;Dairy Processing Machinery
;Fish Processing Machinery
;Food Sterilizer
;Fruit and Vegetable Processing Machines
;Fryer
;Grain Processing Machinery
;Grain Product Making Machines
;Honey Processing Machines
;Meat Processing Machines
;Meat Product Making Machines
;Pasteurizer
;Pet Food Processing Machines
;Snack Machines
;Seasoning Processing Machinery
;Air Cleaning Equipment
;Air Compressors
;Industrial Filtration Equipment
;Bending Machines
;Boring Machines
;Drilling Machines
;Gear Cutting Machines
;Grinding Machines
;Honing Machines
;Lathe
;Milling Machines
;Punching Machines
;Welding Equipment
;Coil Slitting Machine
;Metal  Casting Machinery
;Metal Cutting Machinery
;Metal Electroplating Machinery
;Metal Engraving Machinery
;Metal Forging Machinery
;Metal Moulding Machinery
;Metal Straightening Machinery
;Nail Making Machinery
;Scrap Metal Recycling Equipment
;Wire Mesh Making Machines
;Rolling Mill
;Industry Laser Equipment
;Blister Packaging Machines
;Boxing Machines
;Capping Machines
;Coating Machines
;Coding Machines
;Embossing Machines
;Filing machines
;Gluing Machines
;Labeling Machines
;Laminating Machines
;Multi-Function Packaging Machines
;Packaging Forming Machines
;Packaging Line
;Packaging Material Making Machines
;Sealing Machines
;Vacuum Packing Machine
;Wraping Machine
;Paper Processing Machinery
;Paper Product making Machinery
;Plastic Extruders
;Plastic Raw Material Machines
;Plastic Recycling Machines
;Rubber Product Making Machinery
;Rubber Raw Material Machinery
;Rebber Recycling Machinery
;Digital Printers
;Flexographic Printers
;Heat Press Machines
;Heat Transfer
;Inkjet Printers
;Laser Printers
;Offset Printers
;Pad Printers
;Post-press Equipment
;Pre-press Equipment
;Rotogravure Printing Machines
;Screen Printers
;Cold Room
;Cooling Tower
;Heat Exchanger
;Ice Machines
;Industrial Air Conditioners
;Industrial Chiller Machinery
;Industrial Freezer 
;Industrial Heater 
;Carbonization Stove 
;Finger Jointer 
;Mortising Machines
;Press Machines
;Saw Machines
;Wood Based Panel Machinery
;Wood Boring Machinery
;Wood Chip Machinery
;Wood Crusher Machinery
;Wood Debarker
;Wod Lathe
;Wood Pellet Mill
;Wood Planer 
;Wood Router 
;Wood Shaving Machines
;Wood Wrapping Machines
;Woodworking Benches
;Brush Making Machines
;Chopstick Making Machines
;Furniture Making Machines
;Straw Making Machines
;Match Makin Machines
;Toothpick Making Machines
;Wax and Candle Making Machines
;Wet Wipe Making Machinery
Services;search box
;Accounting Services
;Advertising Services
;Building Services
;Boat Services
;Bridal Services
;Business Services
;Car Rental Agencies
;Catering Services
;Childrens Services
;Check-Cashing Services
;Cleaning Services
;Check-Cashing Services
;Consulting Services
;Contractor Services
;Copywriting & Proof Services
;Cover Letter/Resume Services
;Dating Services
;Decorating Services
;Designing Services
;DJ Businesses
;Dry Cleaning & Laundry Services
;Dry Cleaning Delivery
;Editorial Services
;Educational Services
;Electrical Services
;Employment Services
;Environmental Services
;Errand Services
;Event Planning
;Eye-Care Centers
;Financial Services
;Fitness Centers
;Hair Salons
;Handyman Services
;Health-Care Services
;Home-Improvement Services
;Lawn Care & Landscaping
;Limousine Services
;Maintenance Services
;Message Therapist
;Motor Mechanic Services
;Moving Services
;Painting Services
;Personal-Care Services
;Personal Chef
;Pest Control Services
;Pet-Care Services
;Photography Services
;Plant Maintenance Services
;Plumbing Services
;Pool Services
;Postal & Business Centers
;Printing Services
;Private Investigation
;Property Inspection
;Property Management Services
;Publishing Services
;Real Estate Services
;Recreational Services
;Referral Services
;Remodeling/Renovation Services
;Repair Services
;Security Services
;Senior Care Services
;Shipping Services
;Shoe Repair
;Sign Stores
;Staffing Services
;Tanning Services
;Tax Services
;Tech Services
;Travel Agencies
;Training Businesses
;Tree cutting Services
;Tutoring Services
;Videotaping Services
;Web-Site Services
;Wedding Services
;Weight-Control Centers
