Rent/Lease;
Main Category;Search Field
Machinery;Agriculture Machinery and Equipment
;Apparel & Textile Machinery
;Apparel Accessories Machinery
;Leather Production Machinery
;Apparel Machinery
;Textile Machinery
;Home Textile Product Machinery
;Board Making Machinery
;Brick Making Machinery
;Cement Making Machinery
;Dry Mortar Machines
;Floorboard making Machinery
;Glass Production Machinery
;Gypsum powder Machines
;Pipe Making Machinery
;Sand Making Machinery
;Steel Frame and Purlin Machinery
;Stone Machinery
;Tile Making Machinery
;Window and Door Making Machinery
;Chemical and Pharmaceutical Machinery
;Energy and Mineral Equipment
;Concrete Machinery
;Cranes
;Earth-moving Machinery
;Mortar Spray Machines
;Rammers
;Road Machinery
;Construction Lifter
;Baking Equipment
;Bean Product Processing Machinery
;Beverage and Wine Processing Machinery
;Dairy Processing Machinery
;Fish Processing Machinery
;Food Sterilizer
;Fruit and Vegetable Processing Machines
;Fryer
;Grain Processing Machinery
;Grain Product Making Machines
;Honey Processing Machines
;Meat Processing Machines
;Meat Product Making Machines
;Pasteurizer
;Pet Food Processing Machines
;Snack Machines
;Seasoning Processing Machinery
;Air Cleaning Equipment
;Air Compressors
;Industrial Filtration Equipment
;Bending Machines
;Boring Machines
;Drilling Machines
;Gear Cutting Machines
;Grinding Machines
;Honing Machines
;Lathe
;Milling Machines
;Punching Machines
;Welding Equipment
;Coil Slitting Machine
;Metal  Casting Machinery
;Metal Cutting Machinery
;Metal Electroplating Machinery
;Metal Engraving Machinery
;Metal Forging Machinery
;Metal Moulding Machinery
;Metal Straightening Machinery
;Nail Making Machinery
;Scrap Metal Recycling Equipment
;Wire Mesh Making Machines
;Rolling Mill
;Industry Laser Equipment
;Blister Packaging Machines
;Boxing Machines
;Capping Machines
;Coating Machines
;Coding Machines
;Embossing Machines
;Filing machines
;Gluing Machines
;Labeling Machines
;Laminating Machines
;Multi-Function Packaging Machines
;Packaging Forming Machines
;Packaging Line
;Packaging Material Making Machines
;Sealing Machines
;Vacuum Packing Machine
;Wraping Machine
;Paper Processing Machinery
;Paper Product making Machinery
;Plastic Extruders
;Plastic Raw Material Machines
;Plastic Recycling Machines
;Rubber Product Making Machinery
;Rubber Raw Material Machinery
;Rebber Recycling Machinery
;Digital Printers
;Flexographic Printers
;Heat Press Machines
;Heat Transfer
;Inkjet Printers
;Laser Printers
;Offset Printers
;Pad Printers
;Post-press Equipment
;Pre-press Equipment
;Rotogravure Printing Machines
;Screen Printers
;Cold Room
;Cooling Tower
;Heat Exchanger
;Ice Machines
;Industrial Air Conditioners
;Industrial Chiller
;Industrial Freezer
;Industrial Heater
;Carbonization Stove
;Finger Jointer
;Mortising Machines
;Press Machines
;Saw Machines
;Wood Based Panel Machinery
;Wood Boring Machines
;Wood Chip Machines
;Wood Crusher
;Wood Debarker
;Wod Lathe
;Wood Pellet Mill
;Wood Planer
;Wood Router
;Wood Shaving Machines
;Wood Wrapping Machines
;Woodworking Benches
;Brush Making Machines
;Chopstick Making Machines
;Furniture Making Machines
;Straw Making Machines
;Match Makin Machines
;Toothpick Making Machines
;Wax and Candle Making Machines
;Wet Wipe Making Machinery
