Buy/Sell;
Main Category;Search Field
Services;Accounting Services
;Advertising Services
;Building Services
;Boat Services
;Bridal Services
;Business Services
;Car Rental Agencies
;Catering Services
;Children Services
;Check-Cashing Services
;Cleaning Services
;Check-Cashing Services
;Consulting Services
;Contractor Services
;Copywriting & Proof Services
;Cover Letter/Resume Services
;Dating Services
;Decorating Services
;Designing Services
;DJ Businesses
;Dry Cleaning & Laundry Services
;Dry Cleaning Delivery
;Editorial Services
;Educational Services
;Electrical Services
;Employment Services
;Environmental Services
;Errand Services
;Event Planning
;Eye-Care Centers
;Financial Services
;Fitness Centers
;Hair Salons
;Handyman Services
;Health-Care Services
;Home-Improvement Services
;Lawn Care & Landscaping
;Limousine Services
;Maintenance Services
;Message Therapist
;Motor Mechanic Services
;Moving Services
;Painting Services
;Personal-Care Services
;Personal Chef
;Pest Control Services
;Pet-Care Services
;Photography Services
;Plant Maintenance Services
;Plumbing Services
;Pool Services
;Postal & Business Centers
;Printing Services
;Private Investigation
;Property Inspection
;Property Management Services
;Publishing Services
;Real Estate Services
;Recreational Services
;Referral Services
;Remodeling/Renovation Services
;Repair Services
;Security Services
;Senior Care Services
;Shipping Services
;Shoe Repair
;Sign Stores
;Staffing Services
;Tanning Services
;Tax Services
;Tech Services
;Travel Agencies
;Training Businesses
;Tree cutting Services
;Tutoring Services
;Videotaping Services
;Web-Site Services
;Wedding Services
;Weight-Control Centers
